sequence_id,timestamp_ns,phase_id,fault_active,fault_flags,e_stop,abort_required,active_pair_total_tension_n,active_pair_balance_ratio,active_pair_max_abs_iq_a,active_pair_saturation_count,min_bus_voltage_v,max_abs_iq_a,contact_present,lift_quality_now,adjust_needed_now,hold_safe_now
0,0,approach,False,,False,False,0.0,0.0,0.0330886074873059,0,0.0,0.0330886074873059,False,False,False,False
1,5000000,approach,False,,False,False,0.8547166137532618,0.7217049526164344,0.0470133677115935,0,0.0,0.060024048562711894,False,False,False,False
2,10000000,approach,False,,False,False,1.0875073855988076,0.2579178179711586,0.025947619074589298,0,0.0,0.024909180947556342,False,False,False,False
3,15000000,approach,False,,False,False,2.682277766280942,0.6323432169960534,0.030247506613593784,0,0.0,0.06034017988151644,False,False,False,False
4,20000000,approach,False,,False,False,2.8892605053401867,0.6956133629801942,0.06947105332759952,0,0.0,0.04194726382921633,False,False,False,False
5,25000000,approach,False,,False,False,1.450941278425464,0.6515427801534807,0.016522496690474082,0,0.0,0.022293979956236692,False,False,False,False
6,30000000,approach,False,,False,False,1.1125238294943731,0.2693621600431468,0.038721550577432776,0,0.0,0.04910516583986765,False,False,False,False
7,35000000,approach,False,,False,False,1.3190937851934832,0.2735813902229401,0.055945051674122365,0,0.0,0.055945051674122365,False,False,False,False
8,40000000,approach,False,,False,False,1.6601075299997863,0.5383507711058108,0.02967183386260822,0,0.0,0.07218902658478944,False,False,False,False
9,45000000,preshape,False,,False,False,2.927155903527473,0.62979868669859,0.05275659447112242,0,0.0,0.026592268177014704,False,False,False,False
10,50000000,preshape,False,,False,False,1.617556529594419,0.5148514807645823,0.0343361957979297,0,0.0,0.07100767721110327,False,False,False,False
11,55000000,preshape,False,,False,False,1.3410453478003483,0.3102569970811143,0.04973140042032455,0,0.0,0.04973140042032455,False,False,False,False
12,60000000,preshape,False,,False,False,1.4803320490650698,0.38474977008767497,0.037528041219929045,0,0.0,0.05394220821785881,False,False,False,False
13,65000000,pinch_close,False,,False,False,1.5138198825362559,0.4100774900920963,0.053278811413748565,0,0.0,0.03281031148394824,False,False,False,False
14,70000000,pinch_close,False,,False,False,51.564353888137724,0.5288124569906043,0.13798839951768407,0,0.0,0.13798839951768407,False,False,False,False
15,75000000,pinch_close,False,,False,False,62.34172397923752,0.5295700959049316,0.17813149396185593,0,0.0,0.17813149396185593,False,False,False,False
16,80000000,pinch_close,False,,False,False,64.80925297151838,0.5303518931310683,0.21663869730759489,0,0.0,0.21663869730759489,False,False,False,False
17,85000000,pinch_close,False,,False,False,65.55212221366739,0.530174765160179,0.2463731939438618,0,0.0,0.2463731939438618,False,False,False,False
18,90000000,pinch_close,False,,False,False,66.60154501164911,0.5476510518049212,0.20156180841129728,0,0.0,0.20156180841129728,True,False,False,False
19,95000000,pinch_close,False,,False,False,66.54984241305738,0.5410890717081689,0.17930678392942456,0,0.0,0.17930678392942456,True,False,False,False
20,100000000,pinch_close,False,,False,False,66.32841311857757,0.532052709652067,0.2118562483639722,0,0.0,0.2118562483639722,False,False,False,False
21,105000000,contact_gate,False,,False,False,63.93282825162041,0.5157877040332236,0.2053086143903448,0,0.0,0.2053086143903448,True,False,True,False
22,110000000,contact_gate,False,,False,False,48.163234242769704,0.49805387457532263,0.1444122412273616,0,0.0,0.1444122412273616,True,False,True,False
23,115000000,contact_gate,False,,False,False,36.63527345585454,0.4930122401546364,0.11611119698907547,0,0.0,0.11611119698907547,True,False,True,False
24,120000000,contact_gate,False,,False,False,28.593247709034117,0.4968218007302693,0.09495217074616324,0,0.0,0.09495217074616324,True,False,True,False
25,125000000,contact_gate,False,,False,False,22.91905659619224,0.5013343466109779,0.04680079269392622,0,0.0,0.04680079269392622,True,False,True,False
26,130000000,contact_gate,False,,False,False,18.918361735886144,0.5075071866548964,0.10753827317781067,0,0.0,0.10753827317781067,True,False,True,False
27,135000000,contact_gate,False,,False,False,16.539938070326237,0.5575909121699963,0.07603442540215619,0,0.0,0.07603442540215619,True,False,True,False
28,140000000,contact_gate,False,,False,False,14.975172689359054,0.6189550799645328,0.06409129951876866,0,0.0,0.06409129951876866,True,False,True,False
29,145000000,contact_gate,False,,False,False,13.83071524780696,0.6693957798274839,0.052055165248919566,0,0.0,0.052055165248919566,True,False,True,False
30,150000000,contact_gate,False,,False,False,12.981331641853195,0.7063062913239521,0.047612526636129054,0,0.0,0.047612526636129054,True,False,True,False
31,155000000,contact_gate,False,,False,False,12.434242768340482,0.7420580848230637,0.07599016194402342,0,0.0,0.07599016194402342,True,False,True,False
32,160000000,contact_gate,False,,False,False,12.244333813164825,0.7978953852838645,0.032830370250513455,0,0.0,0.032830370250513455,True,False,True,False
33,165000000,contact_gate,False,,False,False,12.119804758673165,0.8353518470532042,0.0520163327252967,0,0.0,0.0520163327252967,True,True,False,False
34,170000000,contact_gate,False,,False,False,12.02063748318113,0.8600061902647848,0.07445352636766783,0,0.0,0.07445352636766783,True,True,False,False
35,175000000,post_contact_settle,False,,False,False,12.000816979517666,0.8638606195761652,0.050152810259110364,0,0.0,0.050152810259110364,True,True,False,False
36,180000000,post_contact_settle,False,,False,False,11.547945387668765,0.9025478980990974,0.03690110512850192,0,0.0,0.03690110512850192,True,True,False,False
37,185000000,slow_lift,False,,False,True,11.051885472953536,0.9234063102401486,0.05558250307926627,0,0.0,0.05558250307926627,True,False,True,False
38,190000000,slow_lift,False,,False,True,10.84408129769734,0.9287119291384588,0.07312204672345565,0,0.0,0.09323758406059621,True,False,True,False
39,195000000,slow_lift,False,,False,True,10.660917023301788,0.9306260687826465,0.11901394470194435,0,0.0,0.11901394470194435,True,False,True,False
40,200000000,slow_lift,False,,False,True,10.508097935793847,0.9296300964119112,0.05415441822509015,0,0.0,0.05415441822509015,True,False,True,False
41,205000000,slow_lift,False,,False,True,10.38190876579344,0.9265311919867523,0.03690746601826227,0,0.0,0.0365315532286582,True,False,True,False
42,210000000,slow_lift,False,,False,True,10.276874049899401,0.9219472855650666,0.05504029864822374,0,0.0,0.05504029864822374,True,False,True,False
43,215000000,slow_lift,False,,False,True,10.2008500494494,0.9139677352962984,0.03871109474066117,0,0.0,0.053230392819814426,True,False,True,False
44,220000000,slow_lift,False,,False,True,10.265499724642883,0.8898514578979426,0.05874576342410341,0,0.0,0.05874576342410341,True,False,True,False
45,225000000,slow_lift,False,,False,False,10.533025937145759,0.857998495766932,0.035459859787454404,0,0.0,0.04151559083068962,True,True,False,False
46,230000000,slow_lift,False,,False,False,10.85657759522237,0.8425124331039853,0.0567506300289159,0,0.0,0.06257375517250185,True,True,False,False
47,235000000,slow_lift,False,,False,False,11.16856797448419,0.8433282830997781,0.07767685309809677,0,0.0,0.07767685309809677,True,True,False,False
48,240000000,slow_lift,False,,False,False,11.446989260102129,0.8543703793119981,0.08045472178081842,0,0.0,0.08045472178081842,True,True,False,False
49,245000000,slow_lift,False,,False,False,11.671606638826075,0.8721215247914023,0.05952357368118476,0,0.0,0.05952357368118476,True,True,False,False
50,250000000,slow_lift,False,,False,False,11.826026817937615,0.8939762507492004,0.036278669510213676,0,0.0,0.036278669510213676,True,True,False,False
51,255000000,slow_lift,False,,False,False,11.8978636136666,0.9179187453147809,0.04547952015406575,0,0.0,0.04547952015406575,True,True,False,False
52,260000000,slow_lift,False,,False,False,11.878223008230847,0.9423549815865835,0.05669496781865535,0,0.0,0.05059250006879884,True,True,False,False
53,265000000,slow_lift,False,,False,False,11.763474505651839,0.96432538110656,0.04170326992268841,0,0.0,0.04170326992268841,True,True,False,False
54,270000000,slow_lift,False,,False,False,11.558825160919348,0.9787796846033593,0.05597310891352267,0,0.0,0.05597310891352267,True,True,False,False
55,275000000,slow_lift,False,,False,False,11.272981592854872,0.9827823750906425,0.039758528475624805,0,0.0,0.039758528475624805,True,True,False,False
56,280000000,slow_lift,False,,False,False,10.912269052579575,0.9770551042183747,0.07231075593952346,0,0.0,0.07231075593952346,True,True,False,False
57,285000000,slow_lift,False,,False,False,10.489621425752425,0.9628523576447714,0.04659147663641461,0,0.0,0.04659147663641461,True,True,False,False
58,290000000,slow_lift,False,,False,False,10.048710128681428,0.9370675636666917,0.053417081871869866,0,0.0,0.053417081871869866,True,True,False,False
59,295000000,slow_lift,False,,False,False,9.750708164693137,0.8777599325732242,0.0763215796768327,0,0.0,0.0763215796768327,True,True,False,False
60,300000000,slow_lift,False,,False,False,9.460945087316341,0.8178279409389502,0.05899341410470463,0,0.0,0.05899341410470463,True,True,False,False
61,305000000,slow_lift,False,,False,False,9.19164345221057,0.7609885443201742,0.03759284329963572,0,0.0,0.054158313083851564,True,True,False,False
62,310000000,slow_lift,False,,False,False,8.955179080828987,0.7082731228327266,0.054232520907660425,0,0.0,0.054232520907660425,True,True,False,False
63,315000000,slow_lift,False,,False,False,8.760670526090816,0.6621463698030416,0.04186726408704039,0,0.0,0.04186726408704039,True,True,False,False
64,320000000,slow_lift,False,,False,False,8.612193946928025,0.6249027205653462,0.04791730359202372,0,0.0,0.04791730359202372,True,True,False,False
65,325000000,slow_lift,False,,False,False,8.509691273419698,0.598980118430518,0.05699559033995763,0,0.0,0.03184770546850999,True,True,False,False
66,330000000,slow_lift,False,,False,False,8.449081102850295,0.5873209062006772,0.0599110803230253,0,0.0,0.03621115189648479,True,True,False,False
67,335000000,slow_lift,False,,False,False,8.425864923863344,0.5906377893277559,0.05077174190848069,0,0.0,0.029855234736841516,True,True,False,False
68,340000000,slow_lift,False,,False,False,8.436268276462126,0.6073418549286349,0.03806054730762999,0,0.0,0.0426114653704777,True,True,False,False
69,345000000,slow_lift,False,,False,False,8.477006932780055,0.6335654163646053,0.06199307555009253,0,0.0,0.030107128558110496,True,True,False,False
70,350000000,slow_lift,False,,False,False,8.542897746447652,0.6649332592524075,0.05316757432085148,0,0.0,0.05316757432085148,True,True,False,False
71,355000000,slow_lift,False,,False,False,8.624952221996429,0.6982381824116469,0.07524607763147889,0,0.0,0.07524607763147889,True,True,False,False
72,360000000,slow_lift,False,,False,False,8.735541928104315,0.728331146830989,0.04874188295202411,0,0.0,0.04874188295202411,True,True,False,False
73,365000000,slow_lift,False,,False,False,8.917459312065013,0.7461442563985126,0.05266238344566212,0,0.0,0.05266238344566212,True,True,False,False
74,370000000,slow_lift,False,,False,False,9.073207160114832,0.7639320075911987,0.0626062438144209,0,0.0,0.0626062438144209,True,True,False,False
75,375000000,slow_lift,False,,False,False,9.196483910179607,0.7814276840542892,0.037149857004860676,0,0.0,0.037149857004860676,True,True,False,False
76,380000000,slow_lift,False,,False,False,9.282540421818938,0.7981257699115054,0.04933642552767205,0,0.0,0.04933642552767205,True,True,False,False
77,385000000,slow_lift,False,,False,False,9.327874701671282,0.8132688350018127,0.06721408293834265,0,0.0,0.058008627726155754,True,True,False,False
78,390000000,slow_lift,False,,False,False,9.330074082177592,0.8256752238525701,0.06354316817735793,0,0.0,0.06354316817735793,True,True,False,False
79,395000000,slow_lift,False,,False,False,9.288793736968385,0.8334599747422947,0.05606425298219139,0,0.0,0.05606425298219139,True,True,False,False
80,400000000,slow_lift,False,,False,False,9.205026865819352,0.8355613425064488,0.07228912283042221,0,0.0,0.04061919764761837,True,True,False,False
81,405000000,slow_lift,False,,False,False,9.078761149223883,0.8320370278402692,0.023061775567200647,0,0.0,0.023960027478661605,True,True,False,False
82,410000000,slow_lift,False,,False,False,8.913237091621614,0.8235592398987186,0.0446149366590112,0,0.0,0.0446149366590112,True,True,False,False
83,427000000,slow_lift,False,,False,False,8.715823338267818,0.811246075676375,0.030953938909500402,0,0.0,0.030953938909500402,True,True,False,False
84,432000000,slow_lift,False,,False,False,8.496539056228432,0.7968860756519105,0.04326322347485552,0,0.0,0.04326322347485552,True,True,False,False
85,437000000,slow_lift,False,,False,False,8.266415531779671,0.7820192957760657,0.04953590925933882,0,0.0,0.04953590925933882,True,True,False,False
86,442000000,slow_lift,False,,False,False,8.037283581541027,0.7673775582916067,0.05174728673520264,0,0.0,0.05174728673520264,True,True,False,False
87,447000000,slow_lift,False,,False,False,7.8208230459545005,0.753106036742646,0.05932446725648467,0,0.0,0.05932446725648467,True,True,False,False
88,452000000,slow_lift,False,,False,False,7.627266323771044,0.7391297919204496,0.038404708519620426,0,0.0,0.038404708519620426,True,True,False,False
89,457000000,slow_lift,False,,False,False,7.464370723144553,0.7254634829219949,0.035770145771246944,0,0.0,0.024819811266149867,True,True,False,False
90,462000000,slow_lift,False,,False,False,7.344781969208162,0.7110712945545259,0.05686346885532012,0,0.0,0.05686346885532012,True,True,False,False
91,467000000,slow_lift,False,,False,False,7.248240278432672,0.7001434769720167,0.03622721126161635,0,0.0,0.03622721126161635,True,True,False,False
92,472000000,slow_lift,False,,False,False,7.1920689507363935,0.6903927842510301,0.0456178064926382,0,0.0,0.04689338712604067,True,True,False,False
93,477000000,slow_lift,False,,False,False,7.17027973755954,0.6834253997181289,0.03461105126793325,0,0.0,0.03353352787817194,True,True,False,False
94,482000000,slow_lift,False,,False,False,7.175611527449365,0.6803228654607604,0.0520470231126533,0,0.0,0.0520470231126533,True,True,False,False
95,487000000,slow_lift,False,,False,False,7.201945267077537,0.6811009529028743,0.06091199628069684,0,0.0,0.0489839709345259,True,True,False,False
96,492000000,slow_lift,False,,False,False,7.242140294725324,0.6852653391969762,0.04130930933108096,0,0.0,0.05866827682537316,True,True,False,False
98,502000000,slow_lift,False,,False,False,7.334266382546624,0.7003847948915535,0.03309058562585339,0,0.0,0.03309058562585339,True,True,False,False
99,507000000,slow_lift,False,,False,False,7.37733798986478,0.7095372093758411,0.03553561004816981,0,0.0,0.03553561004816981,True,True,False,False
100,512000000,slow_lift,False,,False,False,7.417094061672514,0.7187999139166213,0.05517233137617514,0,0.0,0.02428854325206354,True,True,False,False
101,517000000,slow_lift,False,,False,False,7.451359201236613,0.7276184697304322,0.03840895672009698,0,0.0,0.04215189316367502,True,True,False,False
102,522000000,slow_lift,False,,False,False,7.4774118367905125,0.7355498070502103,0.07273703169955859,0,0.0,0.0464217129276032,True,True,False,False
103,527000000,slow_lift,False,,False,False,7.492604521688728,0.7422931706645217,0.03933663004793775,0,0.0,0.03933663004793775,True,True,False,False
104,532000000,slow_lift,False,,False,False,7.428064169307272,0.7482078484486046,0.03580125846994923,0,0.0,0.035939139758676235,True,True,False,False
105,537000000,slow_lift,False,,False,False,7.3326643109111185,0.7508538728188943,0.04217668432232184,0,0.0,0.04217668432232184,True,True,False,False
106,542000000,slow_lift,False,,False,False,7.254182954010554,0.7494039102644734,0.02939624632512171,0,0.0,0.020033450414811,True,True,False,False
107,547000000,slow_lift,False,,False,False,7.164105000715521,0.747263424934522,0.051520767721349434,0,0.0,0.051520767721349434,True,True,False,False
108,552000000,slow_lift,False,,False,False,7.084254502900247,0.7440190846135158,0.04401959202167995,0,0.0,0.052257550241641595,True,True,False,False
109,557000000,hold,False,,False,False,7.069238197941415,0.7433436317890009,0.05435419155965514,0,0.0,0.05435419155965514,True,True,False,True
110,562000000,hold,False,,False,False,6.981788732903036,0.745421915693187,0.029948195283822258,0,0.0,0.029948195283822258,True,True,False,True
111,567000000,hold,False,,False,False,6.843041907070245,0.7555452965763302,0.03418407969192949,0,0.0,0.033644973348860144,True,True,False,True
112,572000000,hold,False,,False,False,6.633070693045147,0.7658887085230832,0.04637992102209269,0,0.0,0.036969917739214174,True,True,False,True
113,577000000,hold,False,,False,False,6.353694872515848,0.7689609807081446,0.04131433890635792,0,0.0,0.03374740217410336,True,True,False,True
114,582000000,hold,False,,False,False,6.023774291399082,0.7588463609800379,0.07102406378992403,0,0.0,0.07102406378992403,True,True,False,True
115,587000000,hold,False,,False,False,5.67331338988389,0.7319819495584561,0.05122933763655098,0,0.0,0.05122933763655098,True,True,False,True
116,592000000,hold,False,,False,False,5.340539079237173,0.6868703962967301,0.05943541267726806,0,0.0,0.05035677015972648,True,True,False,True
117,597000000,hold,False,,False,False,5.1646239096112385,0.609801582208478,0.053498049496938184,0,0.0,0.05142207658669479,True,True,False,True
118,602000000,hold,False,,False,False,5.063310838392082,0.5380460992945335,0.04555059712942089,0,0.0,0.04555059712942089,True,True,False,True
119,607000000,hold,False,,False,False,5.019502205255129,0.48421407211880063,0.03959451566553003,0,0.0,0.05092085304695195,True,True,False,True
120,612000000,hold,False,,False,False,5.031461530168345,0.45467600133602143,0.04874327354965583,0,0.0,0.04948495558145318,True,True,False,True
121,617000000,hold,False,,False,False,5.093696982186011,0.4526956109344433,0.07956088830034144,0,0.0,0.07956088830034144,True,True,False,True
122,622000000,release_open,False,,False,False,5.1116573057089365,0.45547180364390116,0.05368471965075249,0,0.0,0.03169005630904714,True,False,False,False
123,627000000,release_open,False,,False,False,52.153846404985316,0.5539151143117038,0.14698424934657403,0,0.0,0.14698424934657403,True,False,False,False
124,632000000,release_open,False,,False,False,63.93579388376193,0.5284826743749851,0.20315167618590127,0,0.0,0.20315167618590127,False,False,False,False
125,637000000,release_open,False,,False,False,66.25787408217235,0.5254398367492691,0.18655038012642777,0,0.0,0.18655038012642777,False,False,False,False
126,642000000,release_open,False,,False,False,66.70288020944157,0.5234889306783362,0.23018674672473804,0,0.0,0.23018674672473804,False,False,False,False
127,647000000,release_open,True,driver_fault_injected,False,False,66.98501013389779,0.5227267987767802,0.20940013422881484,0,0.0,0.20940013422881484,False,False,False,False
128,652000000,release_open,False,,False,False,67.4131424021621,0.5222557554249507,0.2042780123966432,0,0.0,0.2042780123966432,False,False,False,False
129,657000000,release_open,False,,False,False,67.74780828049087,0.52274797829601,0.17528291755774608,0,0.0,0.17528291755774608,False,False,False,False
130,662000000,release_settle,False,,False,False,63.92626642735463,0.5231375611473693,0.1906262574391057,0,0.0,0.1906262574391057,False,False,False,False
131,667000000,release_settle,False,,False,False,14.709491462314567,0.5440799386007017,0.051369098189445045,0,0.0,0.051369098189445045,False,False,False,False
132,672000000,release_settle,False,,False,False,4.681384733158348,0.557687455516828,0.031940094928325294,0,0.0,0.031940094928325294,False,False,False,False
133,677000000,release_settle,False,,False,False,2.451120744083461,0.5722241642915755,0.025564377069326422,0,0.0,0.026930104383779335,False,False,False,False
134,682000000,release_settle,False,,False,False,2.0033055414127623,0.6276933006764057,0.04097891850566734,0,0.0,0.03463487959475406,False,False,False,False
135,687000000,release_settle,False,,False,False,1.9079599293768992,0.6689281111671083,0.027829334238967888,0,0.0,0.043424226191719636,False,False,False,False
136,692000000,release_settle,False,,False,False,1.8787011138525782,0.6803202978160977,0.07692072314776177,0,0.0,0.03175861730494029,False,False,False,False
137,697000000,release_settle,False,,False,False,1.8666044429366373,0.6830454094944797,0.0578712635528236,0,0.0,0.025232556475349322,False,False,False,False
138,702000000,release_settle,False,,False,False,1.8664768521195245,0.6834596504853784,0.04047755203632495,0,0.0,0.03981639719322072,False,False,False,False
139,707000000,release_settle,False,,False,False,1.8659516714166795,0.6836836948530283,0.029810881704525144,0,0.0,0.03834296333414798,False,False,False,False
140,712000000,release_settle,False,,False,False,1.865481061601927,0.6837337040503718,0.0483959224096043,0,0.0,0.039203694171429423,False,False,False,False
141,717000000,release_settle,False,,False,False,1.865560127308247,0.6837220890668992,0.02601735042414583,0,0.0,0.043924007783504714,False,False,False,False
142,722000000,release_settle,False,,False,False,1.865529382454855,0.6837234591461784,0.05697891819576994,0,0.0,0.04087991893189353,False,False,False,False
143,727000000,release_settle,False,,False,False,1.865481413445624,0.6837208115202948,0.035563537502295,0,0.0,0.035563537502295,False,False,False,False
144,732000000,release_settle,False,,False,False,1.8654711655606915,0.6837152862414551,0.04582329771105883,0,0.0,0.03112912812478007,False,False,False,False
145,737000000,release_settle,False,,False,False,1.8654538924510624,0.6837115103535345,0.04315573143140049,0,0.0,0.02227757172744952,False,False,False,False
146,742000000,release_settle,False,,False,False,1.865434464338577,0.6837080858581762,0.03635687335917417,0,0.0,0.04168296682222527,False,False,False,False
147,747000000,final,False,,False,False,1.86542251589543,0.6837054560105711,0.03381534516851007,0,0.0,0.015992747640104478,False,False,False,False
148,752000000,approach,False,,False,False,0.0,0.0,0.0330886074873059,0,0.0,0.0330886074873059,False,False,False,False
149,757000000,approach,True,current_saturation_injected,False,False,0.8547166137532618,0.7217049526164344,4.32,1,0.0,4.32,False,False,False,False
150,762000000,approach,False,,False,False,1.0875073855988076,0.2579178179711586,0.025947619074589298,0,0.0,0.024909180947556342,False,False,False,False
151,767000000,approach,False,,False,False,2.682277766280942,0.6323432169960534,0.030247506613593784,0,0.0,0.06034017988151644,False,False,False,False
152,772000000,approach,False,,False,False,2.8892605053401867,0.6956133629801942,0.06947105332759952,0,0.0,0.04194726382921633,False,False,False,False
153,777000000,approach,False,,False,False,1.450941278425464,0.6515427801534807,0.016522496690474082,0,0.0,0.022293979956236692,False,False,False,False
154,782000000,approach,False,,False,False,1.1125238294943731,0.2693621600431468,0.038721550577432776,0,0.0,0.04910516583986765,False,False,False,False
155,787000000,approach,False,,False,False,1.3190937851934832,0.2735813902229401,0.055945051674122365,0,0.0,0.055945051674122365,False,False,False,False
156,792000000,approach,False,,False,False,1.6601075299997863,0.5383507711058108,0.02967183386260822,0,0.0,0.07218902658478944,False,False,False,False
157,797000000,preshape,False,,False,False,2.927155903527473,0.62979868669859,0.05275659447112242,0,0.0,0.026592268177014704,False,False,False,False
158,802000000,preshape,False,,False,False,1.617556529594419,0.5148514807645823,0.0343361957979297,0,0.0,0.07100767721110327,False,False,False,False
159,807000000,preshape,False,,False,False,1.3410453478003483,0.3102569970811143,0.04973140042032455,0,0.0,0.04973140042032455,False,False,False,False
160,812000000,preshape,False,,False,False,1.4803320490650698,0.38474977008767497,0.037528041219929045,0,0.0,0.05394220821785881,False,False,False,False
161,817000000,pinch_close,False,,False,False,1.5138198825362559,0.4100774900920963,0.053278811413748565,0,0.0,0.03281031148394824,False,False,False,False
162,822000000,pinch_close,False,,False,False,51.564353888137724,0.5288124569906043,0.13798839951768407,0,0.0,0.13798839951768407,False,False,False,False
163,827000000,pinch_close,False,,False,False,62.34172397923752,0.5295700959049316,0.17813149396185593,0,0.0,0.17813149396185593,False,False,False,False
164,832000000,pinch_close,False,,False,False,64.80925297151838,0.5303518931310683,0.21663869730759489,0,0.0,0.21663869730759489,False,False,False,False
165,837000000,pinch_close,False,,False,False,65.55212221366739,0.530174765160179,0.2463731939438618,0,0.0,0.2463731939438618,False,False,False,False
166,854000000,pinch_close,False,,False,False,66.60154501164911,0.5476510518049212,0.20156180841129728,0,0.0,0.20156180841129728,True,False,False,False
167,859000000,pinch_close,False,,False,False,66.54984241305738,0.5410890717081689,0.17930678392942456,0,0.0,0.17930678392942456,True,False,False,False
168,864000000,pinch_close,False,,False,False,66.32841311857757,0.532052709652067,0.2118562483639722,0,0.0,0.2118562483639722,False,False,False,False
169,869000000,contact_gate,False,,False,False,63.93282825162041,0.5157877040332236,0.2053086143903448,0,0.0,0.2053086143903448,True,False,True,False
170,874000000,contact_gate,False,,False,False,48.163234242769704,0.49805387457532263,0.1444122412273616,0,0.0,0.1444122412273616,True,False,True,False
171,879000000,contact_gate,False,,False,False,36.63527345585454,0.4930122401546364,0.11611119698907547,0,0.0,0.11611119698907547,True,False,True,False
172,884000000,contact_gate,False,,False,False,28.593247709034117,0.4968218007302693,0.09495217074616324,0,0.0,0.09495217074616324,True,False,True,False
173,889000000,contact_gate,True,encoder_freeze_injected,False,False,22.91905659619224,0.5013343466109779,0.04680079269392622,0,0.0,0.04680079269392622,True,False,True,False
174,894000000,contact_gate,False,,False,False,18.918361735886144,0.5075071866548964,0.10753827317781067,0,0.0,0.10753827317781067,True,False,True,False
175,899000000,contact_gate,False,,False,False,16.539938070326237,0.5575909121699963,0.07603442540215619,0,0.0,0.07603442540215619,True,False,True,False
176,904000000,contact_gate,False,,False,False,14.975172689359054,0.6189550799645328,0.06409129951876866,0,0.0,0.06409129951876866,True,False,True,False
177,909000000,contact_gate,False,,False,False,13.83071524780696,0.6693957798274839,0.052055165248919566,0,0.0,0.052055165248919566,True,False,True,False
178,914000000,contact_gate,False,,False,False,12.981331641853195,0.7063062913239521,0.047612526636129054,0,0.0,0.047612526636129054,True,False,True,False
179,919000000,contact_gate,False,,False,False,12.434242768340482,0.7420580848230637,0.07599016194402342,0,0.0,0.07599016194402342,True,False,True,False
180,924000000,contact_gate,False,,False,False,12.244333813164825,0.7978953852838645,0.032830370250513455,0,0.0,0.032830370250513455,True,False,True,False
181,929000000,contact_gate,False,,False,False,12.119804758673165,0.8353518470532042,0.0520163327252967,0,0.0,0.0520163327252967,True,True,False,False
182,934000000,contact_gate,False,,False,False,12.02063748318113,0.8600061902647848,0.07445352636766783,0,0.0,0.07445352636766783,True,True,False,False
183,939000000,post_contact_settle,False,,False,False,12.000816979517666,0.8638606195761652,0.050152810259110364,0,0.0,0.050152810259110364,True,True,False,False
184,944000000,post_contact_settle,False,,False,False,11.547945387668765,0.9025478980990974,0.03690110512850192,0,0.0,0.03690110512850192,True,True,False,False
185,949000000,slow_lift,False,,False,True,11.051885472953536,0.9234063102401486,0.05558250307926627,0,0.0,0.05558250307926627,True,False,True,False
186,954000000,slow_lift,False,,False,True,10.84408129769734,0.9287119291384588,0.07312204672345565,0,0.0,0.09323758406059621,True,False,True,False
187,959000000,slow_lift,False,,False,True,10.660917023301788,0.9306260687826465,0.11901394470194435,0,0.0,0.11901394470194435,True,False,True,False
188,964000000,slow_lift,False,,False,True,10.508097935793847,0.9296300964119112,0.05415441822509015,0,0.0,0.05415441822509015,True,False,True,False
189,969000000,slow_lift,False,,False,True,10.38190876579344,0.9265311919867523,0.03690746601826227,0,0.0,0.0365315532286582,True,False,True,False
190,974000000,slow_lift,False,,False,True,10.276874049899401,0.9219472855650666,0.05504029864822374,0,0.0,0.05504029864822374,True,False,True,False
191,979000000,slow_lift,False,,False,True,10.2008500494494,0.9139677352962984,0.03871109474066117,0,0.0,0.053230392819814426,True,False,True,False
192,984000000,slow_lift,False,,False,True,10.265499724642883,0.8898514578979426,0.05874576342410341,0,0.0,0.05874576342410341,True,False,True,False
193,989000000,slow_lift,True,tension_dropout_injected,False,False,0.0,0.0,0.035459859787454404,0,0.0,0.04151559083068962,True,True,True,False
195,999000000,slow_lift,False,,False,False,11.16856797448419,0.8433282830997781,0.07767685309809677,0,0.0,0.07767685309809677,True,True,False,False
196,1004000000,slow_lift,False,,False,False,11.446989260102129,0.8543703793119981,0.08045472178081842,0,0.0,0.08045472178081842,True,True,False,False
197,1009000000,slow_lift,False,,False,False,11.671606638826075,0.8721215247914023,0.05952357368118476,0,0.0,0.05952357368118476,True,True,False,False
198,1014000000,slow_lift,False,,False,False,11.826026817937615,0.8939762507492004,0.036278669510213676,0,0.0,0.036278669510213676,True,True,False,False
199,1019000000,slow_lift,False,,False,False,11.8978636136666,0.9179187453147809,0.04547952015406575,0,0.0,0.04547952015406575,True,True,False,False
200,1024000000,slow_lift,False,,False,False,11.878223008230847,0.9423549815865835,0.05669496781865535,0,0.0,0.05059250006879884,True,True,False,False
201,1029000000,slow_lift,False,,False,False,11.763474505651839,0.96432538110656,0.04170326992268841,0,0.0,0.04170326992268841,True,True,False,False
202,1034000000,slow_lift,False,,False,False,11.558825160919348,0.9787796846033593,0.05597310891352267,0,0.0,0.05597310891352267,True,True,False,False
203,1039000000,slow_lift,False,,False,False,11.272981592854872,0.9827823750906425,0.039758528475624805,0,0.0,0.039758528475624805,True,True,False,False
204,1044000000,slow_lift,False,,False,False,10.912269052579575,0.9770551042183747,0.07231075593952346,0,0.0,0.07231075593952346,True,True,False,False
205,1049000000,slow_lift,False,,False,False,10.489621425752425,0.9628523576447714,0.04659147663641461,0,0.0,0.04659147663641461,True,True,False,False
206,1054000000,slow_lift,False,,False,False,10.048710128681428,0.9370675636666917,0.053417081871869866,0,0.0,0.053417081871869866,True,True,False,False
207,1059000000,slow_lift,False,,False,False,9.750708164693137,0.8777599325732242,0.0763215796768327,0,0.0,0.0763215796768327,True,True,False,False
208,1064000000,slow_lift,False,,False,False,9.460945087316341,0.8178279409389502,0.05899341410470463,0,0.0,0.05899341410470463,True,True,False,False
209,1069000000,slow_lift,False,,False,False,9.19164345221057,0.7609885443201742,0.03759284329963572,0,0.0,0.054158313083851564,True,True,False,False
210,1074000000,slow_lift,False,,False,False,8.955179080828987,0.7082731228327266,0.054232520907660425,0,0.0,0.054232520907660425,True,True,False,False
211,1079000000,slow_lift,True,bus_voltage_sag_injected,False,False,8.760670526090816,0.6621463698030416,0.04186726408704039,0,0.0,0.04186726408704039,True,True,False,False
212,1084000000,slow_lift,False,,False,False,8.612193946928025,0.6249027205653462,0.04791730359202372,0,0.0,0.04791730359202372,True,True,False,False
213,1089000000,slow_lift,False,,False,False,8.509691273419698,0.598980118430518,0.05699559033995763,0,0.0,0.03184770546850999,True,True,False,False
214,1094000000,slow_lift,False,,False,False,8.449081102850295,0.5873209062006772,0.0599110803230253,0,0.0,0.03621115189648479,True,True,False,False
215,1099000000,slow_lift,False,,False,False,8.425864923863344,0.5906377893277559,0.05077174190848069,0,0.0,0.029855234736841516,True,True,False,False
216,1104000000,slow_lift,False,,False,False,8.436268276462126,0.6073418549286349,0.03806054730762999,0,0.0,0.0426114653704777,True,True,False,False
217,1109000000,slow_lift,False,,False,False,8.477006932780055,0.6335654163646053,0.06199307555009253,0,0.0,0.030107128558110496,True,True,False,False
218,1114000000,slow_lift,False,,False,False,8.542897746447652,0.6649332592524075,0.05316757432085148,0,0.0,0.05316757432085148,True,True,False,False
219,1119000000,slow_lift,False,,False,False,8.624952221996429,0.6982381824116469,0.07524607763147889,0,0.0,0.07524607763147889,True,True,False,False
220,1124000000,slow_lift,False,,False,False,8.735541928104315,0.728331146830989,0.04874188295202411,0,0.0,0.04874188295202411,True,True,False,False
221,1129000000,slow_lift,False,,False,False,8.917459312065013,0.7461442563985126,0.05266238344566212,0,0.0,0.05266238344566212,True,True,False,False
222,1134000000,slow_lift,False,,False,False,9.073207160114832,0.7639320075911987,0.0626062438144209,0,0.0,0.0626062438144209,True,True,False,False
223,1139000000,slow_lift,False,,False,False,9.196483910179607,0.7814276840542892,0.037149857004860676,0,0.0,0.037149857004860676,True,True,False,False
224,1144000000,slow_lift,False,,False,False,9.282540421818938,0.7981257699115054,0.04933642552767205,0,0.0,0.04933642552767205,True,True,False,False
225,1149000000,slow_lift,False,,False,False,9.327874701671282,0.8132688350018127,0.06721408293834265,0,0.0,0.058008627726155754,True,True,False,False
226,1154000000,slow_lift,False,,False,False,9.330074082177592,0.8256752238525701,0.06354316817735793,0,0.0,0.06354316817735793,True,True,False,False
227,1159000000,slow_lift,False,,False,False,9.288793736968385,0.8334599747422947,0.05606425298219139,0,0.0,0.05606425298219139,True,True,False,False
228,1164000000,slow_lift,False,,False,False,9.205026865819352,0.8355613425064488,0.07228912283042221,0,0.0,0.04061919764761837,True,True,False,False
229,1169000000,slow_lift,False,,False,False,9.078761149223883,0.8320370278402692,0.023061775567200647,0,0.0,0.023960027478661605,True,True,False,False
230,1174000000,slow_lift,False,,False,False,8.913237091621614,0.8235592398987186,0.0446149366590112,0,0.0,0.0446149366590112,True,True,False,False
231,1179000000,slow_lift,False,,False,False,8.715823338267818,0.811246075676375,0.030953938909500402,0,0.0,0.030953938909500402,True,True,False,False
232,1184000000,slow_lift,False,,False,False,8.496539056228432,0.7968860756519105,0.04326322347485552,0,0.0,0.04326322347485552,True,True,False,False
233,1189000000,slow_lift,False,,False,False,8.266415531779671,0.7820192957760657,0.04953590925933882,0,0.0,0.04953590925933882,True,True,False,False
234,1194000000,slow_lift,False,,False,False,8.037283581541027,0.7673775582916067,0.05174728673520264,0,0.0,0.05174728673520264,True,True,False,False
235,1199000000,slow_lift,False,,False,False,7.8208230459545005,0.753106036742646,0.05932446725648467,0,0.0,0.05932446725648467,True,True,False,False
236,1204000000,slow_lift,False,,False,False,7.627266323771044,0.7391297919204496,0.038404708519620426,0,0.0,0.038404708519620426,True,True,False,False
237,1209000000,slow_lift,False,,False,False,7.464370723144553,0.7254634829219949,0.035770145771246944,0,0.0,0.024819811266149867,True,True,False,False
238,1214000000,slow_lift,False,,False,False,7.344781969208162,0.7110712945545259,0.05686346885532012,0,0.0,0.05686346885532012,True,True,False,False
239,1219000000,slow_lift,False,,False,False,7.248240278432672,0.7001434769720167,0.03622721126161635,0,0.0,0.03622721126161635,True,True,False,False
240,1224000000,slow_lift,False,,False,False,7.1920689507363935,0.6903927842510301,0.0456178064926382,0,0.0,0.04689338712604067,True,True,False,False
241,1229000000,slow_lift,False,,False,False,7.17027973755954,0.6834253997181289,0.03461105126793325,0,0.0,0.03353352787817194,True,True,False,False
242,1234000000,slow_lift,False,,False,False,7.175611527449365,0.6803228654607604,0.0520470231126533,0,0.0,0.0520470231126533,True,True,False,False
243,1239000000,slow_lift,False,,False,False,7.201945267077537,0.6811009529028743,0.06091199628069684,0,0.0,0.0489839709345259,True,True,False,False
244,1244000000,slow_lift,False,,False,False,7.242140294725324,0.6852653391969762,0.04130930933108096,0,0.0,0.05866827682537316,True,True,False,False
245,1249000000,slow_lift,False,,False,False,7.28826087908573,0.692007223341684,0.0477092275817088,0,0.0,0.015720801559954412,True,True,False,False
246,1254000000,slow_lift,False,,False,False,7.334266382546624,0.7003847948915535,0.03309058562585339,0,0.0,0.03309058562585339,True,True,False,False
247,1259000000,slow_lift,False,,False,False,7.37733798986478,0.7095372093758411,0.03553561004816981,0,0.0,0.03553561004816981,True,True,False,False
248,1264000000,slow_lift,False,,False,False,7.417094061672514,0.7187999139166213,0.05517233137617514,0,0.0,0.02428854325206354,True,True,False,False
249,1281000000,slow_lift,False,,False,False,7.451359201236613,0.7276184697304322,0.03840895672009698,0,0.0,0.04215189316367502,True,True,False,False
250,1286000000,slow_lift,False,,False,False,7.4774118367905125,0.7355498070502103,0.07273703169955859,0,0.0,0.0464217129276032,True,True,False,False
251,1291000000,slow_lift,False,,False,False,7.492604521688728,0.7422931706645217,0.03933663004793775,0,0.0,0.03933663004793775,True,True,False,False
252,1296000000,slow_lift,False,,False,False,7.428064169307272,0.7482078484486046,0.03580125846994923,0,0.0,0.035939139758676235,True,True,False,False
253,1301000000,slow_lift,False,,False,False,7.3326643109111185,0.7508538728188943,0.04217668432232184,0,0.0,0.04217668432232184,True,True,False,False
254,1306000000,slow_lift,True,driver_fault_injected,False,False,7.254182954010554,0.7494039102644734,0.02939624632512171,0,0.0,0.020033450414811,True,True,False,False
255,1311000000,slow_lift,False,,False,False,7.164105000715521,0.747263424934522,0.051520767721349434,0,0.0,0.051520767721349434,True,True,False,False
256,1316000000,slow_lift,False,,False,False,7.084254502900247,0.7440190846135158,0.04401959202167995,0,0.0,0.052257550241641595,True,True,False,False
257,1321000000,hold,False,,False,False,7.069238197941415,0.7433436317890009,0.05435419155965514,0,0.0,0.05435419155965514,True,True,False,True
258,1326000000,hold,False,,False,False,6.981788732903036,0.745421915693187,0.029948195283822258,0,0.0,0.029948195283822258,True,True,False,True
259,1331000000,hold,False,,False,False,6.843041907070245,0.7555452965763302,0.03418407969192949,0,0.0,0.033644973348860144,True,True,False,True
260,1336000000,hold,False,,False,False,6.633070693045147,0.7658887085230832,0.04637992102209269,0,0.0,0.036969917739214174,True,True,False,True
261,1341000000,hold,False,,False,False,6.353694872515848,0.7689609807081446,0.04131433890635792,0,0.0,0.03374740217410336,True,True,False,True
262,1346000000,hold,False,,False,False,6.023774291399082,0.7588463609800379,0.07102406378992403,0,0.0,0.07102406378992403,True,True,False,True
263,1351000000,hold,False,,False,False,5.67331338988389,0.7319819495584561,0.05122933763655098,0,0.0,0.05122933763655098,True,True,False,True
264,1356000000,hold,False,,False,False,5.340539079237173,0.6868703962967301,0.05943541267726806,0,0.0,0.05035677015972648,True,True,False,True
265,1361000000,hold,False,,False,False,5.1646239096112385,0.609801582208478,0.053498049496938184,0,0.0,0.05142207658669479,True,True,False,True
266,1366000000,hold,False,,False,False,5.063310838392082,0.5380460992945335,0.04555059712942089,0,0.0,0.04555059712942089,True,True,False,True
267,1371000000,hold,False,,False,False,5.019502205255129,0.48421407211880063,0.03959451566553003,0,0.0,0.05092085304695195,True,True,False,True
268,1376000000,hold,False,,False,False,5.031461530168345,0.45467600133602143,0.04874327354965583,0,0.0,0.04948495558145318,True,True,False,True
269,1381000000,hold,False,,False,False,5.093696982186011,0.4526956109344433,0.07956088830034144,0,0.0,0.07956088830034144,True,True,False,True
270,1386000000,release_open,False,,False,False,5.1116573057089365,0.45547180364390116,0.05368471965075249,0,0.0,0.03169005630904714,True,False,False,False
271,1391000000,release_open,False,,False,False,52.153846404985316,0.5539151143117038,0.14698424934657403,0,0.0,0.14698424934657403,True,False,False,False
272,1396000000,release_open,False,,False,False,63.93579388376193,0.5284826743749851,0.20315167618590127,0,0.0,0.20315167618590127,False,False,False,False
273,1401000000,release_open,False,,False,False,66.25787408217235,0.5254398367492691,0.18655038012642777,0,0.0,0.18655038012642777,False,False,False,False
274,1406000000,release_open,False,,False,False,66.70288020944157,0.5234889306783362,0.23018674672473804,0,0.0,0.23018674672473804,False,False,False,False
275,1411000000,release_open,False,,False,False,66.98501013389779,0.5227267987767802,0.20940013422881484,0,0.0,0.20940013422881484,False,False,False,False
276,1416000000,release_open,False,,False,False,67.4131424021621,0.5222557554249507,0.2042780123966432,0,0.0,0.2042780123966432,False,False,False,False
277,1421000000,release_open,False,,False,False,67.74780828049087,0.52274797829601,0.17528291755774608,0,0.0,0.17528291755774608,False,False,False,False
278,1426000000,release_settle,False,,False,False,63.92626642735463,0.5231375611473693,0.1906262574391057,0,0.0,0.1906262574391057,False,False,False,False
279,1431000000,release_settle,False,,False,False,14.709491462314567,0.5440799386007017,0.051369098189445045,0,0.0,0.051369098189445045,False,False,False,False
280,1436000000,release_settle,False,,False,False,4.681384733158348,0.557687455516828,0.031940094928325294,0,0.0,0.031940094928325294,False,False,False,False
281,1441000000,release_settle,False,,False,False,2.451120744083461,0.5722241642915755,0.025564377069326422,0,0.0,0.026930104383779335,False,False,False,False
282,1446000000,release_settle,False,,False,False,2.0033055414127623,0.6276933006764057,0.04097891850566734,0,0.0,0.03463487959475406,False,False,False,False
283,1451000000,release_settle,False,,False,False,1.9079599293768992,0.6689281111671083,0.027829334238967888,0,0.0,0.043424226191719636,False,False,False,False
284,1456000000,release_settle,False,,False,False,1.8787011138525782,0.6803202978160977,0.07692072314776177,0,0.0,0.03175861730494029,False,False,False,False
285,1461000000,release_settle,False,,False,False,1.8666044429366373,0.6830454094944797,0.0578712635528236,0,0.0,0.025232556475349322,False,False,False,False
286,1466000000,release_settle,False,,False,False,1.8664768521195245,0.6834596504853784,0.04047755203632495,0,0.0,0.03981639719322072,False,False,False,False
287,1471000000,release_settle,False,,False,False,1.8659516714166795,0.6836836948530283,0.029810881704525144,0,0.0,0.03834296333414798,False,False,False,False
288,1476000000,release_settle,False,,False,False,1.865481061601927,0.6837337040503718,0.0483959224096043,0,0.0,0.039203694171429423,False,False,False,False
289,1481000000,release_settle,False,,False,False,1.865560127308247,0.6837220890668992,0.02601735042414583,0,0.0,0.043924007783504714,False,False,False,False
290,1486000000,release_settle,False,,False,False,1.865529382454855,0.6837234591461784,0.05697891819576994,0,0.0,0.04087991893189353,False,False,False,False
292,1496000000,release_settle,False,,False,False,1.8654711655606915,0.6837152862414551,0.04582329771105883,0,0.0,0.03112912812478007,False,False,False,False
293,1501000000,release_settle,False,,False,False,1.8654538924510624,0.6837115103535345,0.04315573143140049,0,0.0,0.02227757172744952,False,False,False,False
294,1506000000,release_settle,False,,False,False,1.865434464338577,0.6837080858581762,0.03635687335917417,0,0.0,0.04168296682222527,False,False,False,False
295,1511000000,final,False,,False,False,1.86542251589543,0.6837054560105711,0.03381534516851007,0,0.0,0.015992747640104478,False,False,False,False
296,1516000000,approach,False,,False,False,0.0,0.0,0.0330886074873059,0,0.0,0.0330886074873059,False,False,False,False
297,1521000000,approach,False,,False,False,0.8547166137532618,0.7217049526164344,0.0470133677115935,0,0.0,0.060024048562711894,False,False,False,False
298,1526000000,approach,True,current_saturation_injected,False,False,1.0875073855988076,0.2579178179711586,4.32,1,0.0,4.32,False,False,False,False
299,1531000000,approach,False,,False,False,2.682277766280942,0.6323432169960534,0.030247506613593784,0,0.0,0.06034017988151644,False,False,False,False
300,1536000000,approach,False,,False,False,2.8892605053401867,0.6956133629801942,0.06947105332759952,0,0.0,0.04194726382921633,False,False,False,False
301,1541000000,approach,False,,False,False,1.450941278425464,0.6515427801534807,0.016522496690474082,0,0.0,0.022293979956236692,False,False,False,False
302,1546000000,approach,False,,False,False,1.1125238294943731,0.2693621600431468,0.038721550577432776,0,0.0,0.04910516583986765,False,False,False,False
303,1551000000,approach,False,,False,False,1.3190937851934832,0.2735813902229401,0.055945051674122365,0,0.0,0.055945051674122365,False,False,False,False
304,1556000000,approach,False,,False,False,1.6601075299997863,0.5383507711058108,0.02967183386260822,0,0.0,0.07218902658478944,False,False,False,False
305,1561000000,preshape,False,,False,False,2.927155903527473,0.62979868669859,0.05275659447112242,0,0.0,0.026592268177014704,False,False,False,False
306,1566000000,preshape,False,,False,False,1.617556529594419,0.5148514807645823,0.0343361957979297,0,0.0,0.07100767721110327,False,False,False,False
307,1571000000,preshape,False,,False,False,1.3410453478003483,0.3102569970811143,0.04973140042032455,0,0.0,0.04973140042032455,False,False,False,False
308,1576000000,preshape,False,,False,False,1.4803320490650698,0.38474977008767497,0.037528041219929045,0,0.0,0.05394220821785881,False,False,False,False
309,1581000000,pinch_close,False,,False,False,1.5138198825362559,0.4100774900920963,0.053278811413748565,0,0.0,0.03281031148394824,False,False,False,False
310,1586000000,pinch_close,False,,False,False,51.564353888137724,0.5288124569906043,0.13798839951768407,0,0.0,0.13798839951768407,False,False,False,False
311,1591000000,pinch_close,False,,False,False,62.34172397923752,0.5295700959049316,0.17813149396185593,0,0.0,0.17813149396185593,False,False,False,False
312,1596000000,pinch_close,False,,False,False,64.80925297151838,0.5303518931310683,0.21663869730759489,0,0.0,0.21663869730759489,False,False,False,False
313,1601000000,pinch_close,False,,False,False,65.55212221366739,0.530174765160179,0.2463731939438618,0,0.0,0.2463731939438618,False,False,False,False
314,1606000000,pinch_close,False,,False,False,66.60154501164911,0.5476510518049212,0.20156180841129728,0,0.0,0.20156180841129728,True,False,False,False
315,1611000000,pinch_close,False,,False,False,66.54984241305738,0.5410890717081689,0.17930678392942456,0,0.0,0.17930678392942456,True,False,False,False
316,1616000000,pinch_close,False,,False,False,66.32841311857757,0.532052709652067,0.2118562483639722,0,0.0,0.2118562483639722,False,False,False,False
317,1621000000,contact_gate,False,,False,False,63.93282825162041,0.5157877040332236,0.2053086143903448,0,0.0,0.2053086143903448,True,False,True,False
318,1626000000,contact_gate,False,,False,False,48.163234242769704,0.49805387457532263,0.1444122412273616,0,0.0,0.1444122412273616,True,False,True,False
319,1631000000,contact_gate,False,,False,False,36.63527345585454,0.4930122401546364,0.11611119698907547,0,0.0,0.11611119698907547,True,False,True,False
320,1636000000,contact_gate,False,,False,False,28.593247709034117,0.4968218007302693,0.09495217074616324,0,0.0,0.09495217074616324,True,False,True,False
321,1641000000,contact_gate,False,,False,False,22.91905659619224,0.5013343466109779,0.04680079269392622,0,0.0,0.04680079269392622,True,False,True,False
322,1646000000,contact_gate,False,,False,False,18.918361735886144,0.5075071866548964,0.10753827317781067,0,0.0,0.10753827317781067,True,False,True,False
323,1651000000,contact_gate,False,,False,False,16.539938070326237,0.5575909121699963,0.07603442540215619,0,0.0,0.07603442540215619,True,False,True,False
324,1656000000,contact_gate,False,,False,False,14.975172689359054,0.6189550799645328,0.06409129951876866,0,0.0,0.06409129951876866,True,False,True,False
325,1661000000,contact_gate,False,,False,False,13.83071524780696,0.6693957798274839,0.052055165248919566,0,0.0,0.052055165248919566,True,False,True,False
326,1666000000,contact_gate,False,,False,False,12.981331641853195,0.7063062913239521,0.047612526636129054,0,0.0,0.047612526636129054,True,False,True,False
327,1671000000,contact_gate,False,,False,False,12.434242768340482,0.7420580848230637,0.07599016194402342,0,0.0,0.07599016194402342,True,False,True,False
328,1676000000,contact_gate,False,,False,False,12.244333813164825,0.7978953852838645,0.032830370250513455,0,0.0,0.032830370250513455,True,False,True,False
329,1681000000,contact_gate,False,,False,False,12.119804758673165,0.8353518470532042,0.0520163327252967,0,0.0,0.0520163327252967,True,True,False,False
330,1686000000,contact_gate,False,,False,False,12.02063748318113,0.8600061902647848,0.07445352636766783,0,0.0,0.07445352636766783,True,True,False,False
331,1691000000,post_contact_settle,False,,False,False,12.000816979517666,0.8638606195761652,0.050152810259110364,0,0.0,0.050152810259110364,True,True,False,False
332,1708000000,post_contact_settle,False,,False,False,11.547945387668765,0.9025478980990974,0.03690110512850192,0,0.0,0.03690110512850192,True,True,False,False
333,1713000000,slow_lift,False,,False,True,11.051885472953536,0.9234063102401486,0.05558250307926627,0,0.0,0.05558250307926627,True,False,True,False
334,1718000000,slow_lift,False,,False,True,10.84408129769734,0.9287119291384588,0.07312204672345565,0,0.0,0.09323758406059621,True,False,True,False
335,1723000000,slow_lift,False,,False,True,10.660917023301788,0.9306260687826465,0.11901394470194435,0,0.0,0.11901394470194435,True,False,True,False
336,1728000000,slow_lift,False,,False,True,10.508097935793847,0.9296300964119112,0.05415441822509015,0,0.0,0.05415441822509015,True,False,True,False
337,1733000000,slow_lift,False,,False,True,10.38190876579344,0.9265311919867523,0.03690746601826227,0,0.0,0.0365315532286582,True,False,True,False
338,1738000000,slow_lift,False,,False,True,10.276874049899401,0.9219472855650666,0.05504029864822374,0,0.0,0.05504029864822374,True,False,True,False
339,1743000000,slow_lift,False,,False,True,10.2008500494494,0.9139677352962984,0.03871109474066117,0,0.0,0.053230392819814426,True,False,True,False
340,1748000000,slow_lift,False,,False,True,10.265499724642883,0.8898514578979426,0.05874576342410341,0,0.0,0.05874576342410341,True,False,True,False
341,1753000000,slow_lift,False,,False,False,10.533025937145759,0.857998495766932,0.035459859787454404,0,0.0,0.04151559083068962,True,True,False,False
342,1758000000,slow_lift,False,,False,False,10.85657759522237,0.8425124331039853,0.0567506300289159,0,0.0,0.06257375517250185,True,True,False,False
343,1763000000,slow_lift,False,,False,False,11.16856797448419,0.8433282830997781,0.07767685309809677,0,0.0,0.07767685309809677,True,True,False,False
344,1768000000,slow_lift,False,,False,False,11.446989260102129,0.8543703793119981,0.08045472178081842,0,0.0,0.08045472178081842,True,True,False,False
345,1773000000,slow_lift,False,,False,False,11.671606638826075,0.8721215247914023,0.05952357368118476,0,0.0,0.05952357368118476,True,True,False,False
346,1778000000,slow_lift,True,encoder_freeze_injected,False,False,11.826026817937615,0.8939762507492004,0.036278669510213676,0,0.0,0.036278669510213676,True,True,False,False
347,1783000000,slow_lift,False,,False,False,11.8978636136666,0.9179187453147809,0.04547952015406575,0,0.0,0.04547952015406575,True,True,False,False
348,1788000000,slow_lift,False,,False,False,11.878223008230847,0.9423549815865835,0.05669496781865535,0,0.0,0.05059250006879884,True,True,False,False
349,1793000000,slow_lift,False,,False,False,11.763474505651839,0.96432538110656,0.04170326992268841,0,0.0,0.04170326992268841,True,True,False,False
350,1798000000,slow_lift,False,,False,False,11.558825160919348,0.9787796846033593,0.05597310891352267,0,0.0,0.05597310891352267,True,True,False,False
351,1803000000,slow_lift,False,,False,False,11.272981592854872,0.9827823750906425,0.039758528475624805,0,0.0,0.039758528475624805,True,True,False,False
352,1808000000,slow_lift,False,,False,False,10.912269052579575,0.9770551042183747,0.07231075593952346,0,0.0,0.07231075593952346,True,True,False,False
353,1813000000,slow_lift,False,,False,False,10.489621425752425,0.9628523576447714,0.04659147663641461,0,0.0,0.04659147663641461,True,True,False,False
354,1818000000,slow_lift,False,,False,False,10.048710128681428,0.9370675636666917,0.053417081871869866,0,0.0,0.053417081871869866,True,True,False,False
355,1823000000,slow_lift,False,,False,False,9.750708164693137,0.8777599325732242,0.0763215796768327,0,0.0,0.0763215796768327,True,True,False,False
356,1828000000,slow_lift,False,,False,False,9.460945087316341,0.8178279409389502,0.05899341410470463,0,0.0,0.05899341410470463,True,True,False,False
357,1833000000,slow_lift,False,,False,False,9.19164345221057,0.7609885443201742,0.03759284329963572,0,0.0,0.054158313083851564,True,True,False,False
358,1838000000,slow_lift,False,,False,False,8.955179080828987,0.7082731228327266,0.054232520907660425,0,0.0,0.054232520907660425,True,True,False,False
359,1843000000,slow_lift,False,,False,False,8.760670526090816,0.6621463698030416,0.04186726408704039,0,0.0,0.04186726408704039,True,True,False,False
360,1848000000,slow_lift,False,,False,False,8.612193946928025,0.6249027205653462,0.04791730359202372,0,0.0,0.04791730359202372,True,True,False,False
361,1853000000,slow_lift,False,,False,False,8.509691273419698,0.598980118430518,0.05699559033995763,0,0.0,0.03184770546850999,True,True,False,False
362,1858000000,slow_lift,False,,False,False,8.449081102850295,0.5873209062006772,0.0599110803230253,0,0.0,0.03621115189648479,True,True,False,False
363,1863000000,slow_lift,False,,False,False,8.425864923863344,0.5906377893277559,0.05077174190848069,0,0.0,0.029855234736841516,True,True,False,False
364,1868000000,slow_lift,False,,False,False,8.436268276462126,0.6073418549286349,0.03806054730762999,0,0.0,0.0426114653704777,True,True,False,False
365,1873000000,slow_lift,False,,False,False,8.477006932780055,0.6335654163646053,0.06199307555009253,0,0.0,0.030107128558110496,True,True,False,False
366,1878000000,slow_lift,False,,False,False,8.542897746447652,0.6649332592524075,0.05316757432085148,0,0.0,0.05316757432085148,True,True,False,False
367,1883000000,slow_lift,False,,False,False,8.624952221996429,0.6982381824116469,0.07524607763147889,0,0.0,0.07524607763147889,True,True,False,False
368,1888000000,slow_lift,False,,False,False,8.735541928104315,0.728331146830989,0.04874188295202411,0,0.0,0.04874188295202411,True,True,False,False
369,1893000000,slow_lift,False,,False,False,8.917459312065013,0.7461442563985126,0.05266238344566212,0,0.0,0.05266238344566212,True,True,False,False
370,1898000000,slow_lift,False,,False,False,9.073207160114832,0.7639320075911987,0.0626062438144209,0,0.0,0.0626062438144209,True,True,False,False
371,1903000000,slow_lift,False,,False,False,9.196483910179607,0.7814276840542892,0.037149857004860676,0,0.0,0.037149857004860676,True,True,False,False
372,1908000000,slow_lift,False,,False,False,9.282540421818938,0.7981257699115054,0.04933642552767205,0,0.0,0.04933642552767205,True,True,False,False
373,1913000000,slow_lift,False,,False,False,9.327874701671282,0.8132688350018127,0.06721408293834265,0,0.0,0.058008627726155754,True,True,False,False
374,1918000000,slow_lift,False,,False,False,9.330074082177592,0.8256752238525701,0.06354316817735793,0,0.0,0.06354316817735793,True,True,False,False
375,1923000000,slow_lift,False,,False,False,9.288793736968385,0.8334599747422947,0.05606425298219139,0,0.0,0.05606425298219139,True,True,False,False
376,1928000000,slow_lift,False,,False,False,9.205026865819352,0.8355613425064488,0.07228912283042221,0,0.0,0.04061919764761837,True,True,False,False
377,1933000000,slow_lift,False,,False,False,9.078761149223883,0.8320370278402692,0.023061775567200647,0,0.0,0.023960027478661605,True,True,False,False
378,1938000000,slow_lift,False,,False,False,8.913237091621614,0.8235592398987186,0.0446149366590112,0,0.0,0.0446149366590112,True,True,False,False
379,1943000000,slow_lift,False,,False,False,8.715823338267818,0.811246075676375,0.030953938909500402,0,0.0,0.030953938909500402,True,True,False,False
380,1948000000,slow_lift,False,,False,False,8.496539056228432,0.7968860756519105,0.04326322347485552,0,0.0,0.04326322347485552,True,True,False,False
381,1953000000,slow_lift,True,driver_fault_injected,False,False,8.266415531779671,0.7820192957760657,0.04953590925933882,0,0.0,0.04953590925933882,True,True,False,False
382,1958000000,slow_lift,False,,False,False,8.037283581541027,0.7673775582916067,0.05174728673520264,0,0.0,0.05174728673520264,True,True,False,False
383,1963000000,slow_lift,False,,False,False,7.8208230459545005,0.753106036742646,0.05932446725648467,0,0.0,0.05932446725648467,True,True,False,False
384,1968000000,slow_lift,False,,False,False,7.627266323771044,0.7391297919204496,0.038404708519620426,0,0.0,0.038404708519620426,True,True,False,False
385,1973000000,slow_lift,False,,False,False,7.464370723144553,0.7254634829219949,0.035770145771246944,0,0.0,0.024819811266149867,True,True,False,False
386,1978000000,slow_lift,True,tension_dropout_injected,False,False,0.0,0.0,0.05686346885532012,0,0.0,0.05686346885532012,True,True,True,False
387,1983000000,slow_lift,False,,False,False,7.248240278432672,0.7001434769720167,0.03622721126161635,0,0.0,0.03622721126161635,True,True,False,False
389,1993000000,slow_lift,False,,False,False,7.17027973755954,0.6834253997181289,0.03461105126793325,0,0.0,0.03353352787817194,True,True,False,False
390,1998000000,slow_lift,False,,False,False,7.175611527449365,0.6803228654607604,0.0520470231126533,0,0.0,0.0520470231126533,True,True,False,False
391,2003000000,slow_lift,False,,False,False,7.201945267077537,0.6811009529028743,0.06091199628069684,0,0.0,0.0489839709345259,True,True,False,False
392,2008000000,slow_lift,False,,False,False,7.242140294725324,0.6852653391969762,0.04130930933108096,0,0.0,0.05866827682537316,True,True,False,False
393,2013000000,slow_lift,False,,False,False,7.28826087908573,0.692007223341684,0.0477092275817088,0,0.0,0.015720801559954412,True,True,False,False
394,2018000000,slow_lift,False,,False,False,7.334266382546624,0.7003847948915535,0.03309058562585339,0,0.0,0.03309058562585339,True,True,False,False
395,2023000000,slow_lift,False,,False,False,7.37733798986478,0.7095372093758411,0.03553561004816981,0,0.0,0.03553561004816981,True,True,False,False
396,2028000000,slow_lift,False,,False,False,7.417094061672514,0.7187999139166213,0.05517233137617514,0,0.0,0.02428854325206354,True,True,False,False
397,2033000000,slow_lift,False,,False,False,7.451359201236613,0.7276184697304322,0.03840895672009698,0,0.0,0.04215189316367502,True,True,False,False
398,2038000000,slow_lift,False,,False,False,7.4774118367905125,0.7355498070502103,0.07273703169955859,0,0.0,0.0464217129276032,True,True,False,False
399,2043000000,slow_lift,False,,False,False,7.492604521688728,0.7422931706645217,0.03933663004793775,0,0.0,0.03933663004793775,True,True,False,False
400,2048000000,slow_lift,False,,False,False,7.428064169307272,0.7482078484486046,0.03580125846994923,0,0.0,0.035939139758676235,True,True,False,False
401,2053000000,slow_lift,False,,False,False,7.3326643109111185,0.7508538728188943,0.04217668432232184,0,0.0,0.04217668432232184,True,True,False,False
402,2058000000,slow_lift,False,,False,False,7.254182954010554,0.7494039102644734,0.02939624632512171,0,0.0,0.020033450414811,True,True,False,False
403,2063000000,slow_lift,False,,False,False,7.164105000715521,0.747263424934522,0.051520767721349434,0,0.0,0.051520767721349434,True,True,False,False
404,2068000000,slow_lift,False,,False,False,7.084254502900247,0.7440190846135158,0.04401959202167995,0,0.0,0.052257550241641595,True,True,False,False
405,2073000000,hold,False,,False,False,7.069238197941415,0.7433436317890009,0.05435419155965514,0,0.0,0.05435419155965514,True,True,False,True
406,2078000000,hold,False,,False,False,6.981788732903036,0.745421915693187,0.029948195283822258,0,0.0,0.029948195283822258,True,True,False,True
407,2083000000,hold,False,,False,False,6.843041907070245,0.7555452965763302,0.03418407969192949,0,0.0,0.033644973348860144,True,True,False,True
408,2088000000,hold,False,,False,False,6.633070693045147,0.7658887085230832,0.04637992102209269,0,0.0,0.036969917739214174,True,True,False,True
409,2093000000,hold,False,,False,False,6.353694872515848,0.7689609807081446,0.04131433890635792,0,0.0,0.03374740217410336,True,True,False,True
410,2098000000,hold,False,,False,False,6.023774291399082,0.7588463609800379,0.07102406378992403,0,0.0,0.07102406378992403,True,True,False,True
411,2103000000,hold,False,,False,False,5.67331338988389,0.7319819495584561,0.05122933763655098,0,0.0,0.05122933763655098,True,True,False,True
412,2108000000,hold,False,,False,False,5.340539079237173,0.6868703962967301,0.05943541267726806,0,0.0,0.05035677015972648,True,True,False,True
413,2113000000,hold,False,,False,False,5.1646239096112385,0.609801582208478,0.053498049496938184,0,0.0,0.05142207658669479,True,True,False,True
414,2118000000,hold,False,,False,False,5.063310838392082,0.5380460992945335,0.04555059712942089,0,0.0,0.04555059712942089,True,True,False,True
415,2135000000,hold,False,,False,False,5.019502205255129,0.48421407211880063,0.03959451566553003,0,0.0,0.05092085304695195,True,True,False,True
416,2140000000,hold,False,,False,False,5.031461530168345,0.45467600133602143,0.04874327354965583,0,0.0,0.04948495558145318,True,True,False,True
417,2145000000,hold,False,,False,False,5.093696982186011,0.4526956109344433,0.07956088830034144,0,0.0,0.07956088830034144,True,True,False,True
418,2150000000,release_open,False,,False,False,5.1116573057089365,0.45547180364390116,0.05368471965075249,0,0.0,0.03169005630904714,True,False,False,False
419,2155000000,release_open,False,,False,False,52.153846404985316,0.5539151143117038,0.14698424934657403,0,0.0,0.14698424934657403,True,False,False,False
420,2160000000,release_open,False,,False,False,63.93579388376193,0.5284826743749851,0.20315167618590127,0,0.0,0.20315167618590127,False,False,False,False
421,2165000000,release_open,False,,False,False,66.25787408217235,0.5254398367492691,0.18655038012642777,0,0.0,0.18655038012642777,False,False,False,False
422,2170000000,release_open,True,bus_voltage_sag_injected,False,False,66.70288020944157,0.5234889306783362,0.23018674672473804,0,0.0,0.23018674672473804,False,False,False,False
423,2175000000,release_open,False,,False,False,66.98501013389779,0.5227267987767802,0.20940013422881484,0,0.0,0.20940013422881484,False,False,False,False
424,2180000000,release_open,False,,False,False,67.4131424021621,0.5222557554249507,0.2042780123966432,0,0.0,0.2042780123966432,False,False,False,False
425,2185000000,release_open,False,,False,False,67.74780828049087,0.52274797829601,0.17528291755774608,0,0.0,0.17528291755774608,False,False,False,False
426,2190000000,release_settle,False,,False,False,63.92626642735463,0.5231375611473693,0.1906262574391057,0,0.0,0.1906262574391057,False,False,False,False
427,2195000000,release_settle,False,,False,False,14.709491462314567,0.5440799386007017,0.051369098189445045,0,0.0,0.051369098189445045,False,False,False,False
428,2200000000,release_settle,False,,False,False,4.681384733158348,0.557687455516828,0.031940094928325294,0,0.0,0.031940094928325294,False,False,False,False
429,2205000000,release_settle,False,,False,False,2.451120744083461,0.5722241642915755,0.025564377069326422,0,0.0,0.026930104383779335,False,False,False,False
430,2210000000,release_settle,False,,False,False,2.0033055414127623,0.6276933006764057,0.04097891850566734,0,0.0,0.03463487959475406,False,False,False,False
431,2215000000,release_settle,False,,False,False,1.9079599293768992,0.6689281111671083,0.027829334238967888,0,0.0,0.043424226191719636,False,False,False,False
432,2220000000,release_settle,False,,False,False,1.8787011138525782,0.6803202978160977,0.07692072314776177,0,0.0,0.03175861730494029,False,False,False,False
433,2225000000,release_settle,False,,False,False,1.8666044429366373,0.6830454094944797,0.0578712635528236,0,0.0,0.025232556475349322,False,False,False,False
434,2230000000,release_settle,False,,False,False,1.8664768521195245,0.6834596504853784,0.04047755203632495,0,0.0,0.03981639719322072,False,False,False,False
435,2235000000,release_settle,False,,False,False,1.8659516714166795,0.6836836948530283,0.029810881704525144,0,0.0,0.03834296333414798,False,False,False,False
436,2240000000,release_settle,False,,False,False,1.865481061601927,0.6837337040503718,0.0483959224096043,0,0.0,0.039203694171429423,False,False,False,False
437,2245000000,release_settle,False,,False,False,1.865560127308247,0.6837220890668992,0.02601735042414583,0,0.0,0.043924007783504714,False,False,False,False
438,2250000000,release_settle,False,,False,False,1.865529382454855,0.6837234591461784,0.05697891819576994,0,0.0,0.04087991893189353,False,False,False,False
439,2255000000,release_settle,False,,False,False,1.865481413445624,0.6837208115202948,0.035563537502295,0,0.0,0.035563537502295,False,False,False,False
440,2260000000,release_settle,False,,False,False,1.8654711655606915,0.6837152862414551,0.04582329771105883,0,0.0,0.03112912812478007,False,False,False,False
441,2265000000,release_settle,False,,False,False,1.8654538924510624,0.6837115103535345,0.04315573143140049,0,0.0,0.02227757172744952,False,False,False,False
442,2270000000,release_settle,False,,False,False,1.865434464338577,0.6837080858581762,0.03635687335917417,0,0.0,0.04168296682222527,False,False,False,False
443,2275000000,final,False,,False,False,1.86542251589543,0.6837054560105711,0.03381534516851007,0,0.0,0.015992747640104478,False,False,False,False
444,2280000000,approach,False,,False,False,0.0,0.0,0.0330886074873059,0,0.0,0.0330886074873059,False,False,False,False
445,2285000000,approach,False,,False,False,0.8547166137532618,0.7217049526164344,0.0470133677115935,0,0.0,0.060024048562711894,False,False,False,False
446,2290000000,approach,False,,False,False,1.0875073855988076,0.2579178179711586,0.025947619074589298,0,0.0,0.024909180947556342,False,False,False,False
447,2295000000,approach,True,current_saturation_injected,False,False,2.682277766280942,0.6323432169960534,4.32,1,0.0,4.32,False,False,False,False
448,2300000000,approach,False,,False,False,2.8892605053401867,0.6956133629801942,0.06947105332759952,0,0.0,0.04194726382921633,False,False,False,False
449,2305000000,approach,False,,False,False,1.450941278425464,0.6515427801534807,0.016522496690474082,0,0.0,0.022293979956236692,False,False,False,False
450,2310000000,approach,False,,False,False,1.1125238294943731,0.2693621600431468,0.038721550577432776,0,0.0,0.04910516583986765,False,False,False,False
451,2315000000,approach,False,,False,False,1.3190937851934832,0.2735813902229401,0.055945051674122365,0,0.0,0.055945051674122365,False,False,False,False
452,2320000000,approach,False,,False,False,1.6601075299997863,0.5383507711058108,0.02967183386260822,0,0.0,0.07218902658478944,False,False,False,False
453,2325000000,preshape,False,,False,False,2.927155903527473,0.62979868669859,0.05275659447112242,0,0.0,0.026592268177014704,False,False,False,False
454,2330000000,preshape,False,,False,False,1.617556529594419,0.5148514807645823,0.0343361957979297,0,0.0,0.07100767721110327,False,False,False,False
455,2335000000,preshape,False,,False,False,1.3410453478003483,0.3102569970811143,0.04973140042032455,0,0.0,0.04973140042032455,False,False,False,False
456,2340000000,preshape,False,,False,False,1.4803320490650698,0.38474977008767497,0.037528041219929045,0,0.0,0.05394220821785881,False,False,False,False
457,2345000000,pinch_close,False,,False,False,1.5138198825362559,0.4100774900920963,0.053278811413748565,0,0.0,0.03281031148394824,False,False,False,False
458,2350000000,pinch_close,False,,False,False,51.564353888137724,0.5288124569906043,0.13798839951768407,0,0.0,0.13798839951768407,False,False,False,False
459,2355000000,pinch_close,False,,False,False,62.34172397923752,0.5295700959049316,0.17813149396185593,0,0.0,0.17813149396185593,False,False,False,False
460,2360000000,pinch_close,False,,False,False,64.80925297151838,0.5303518931310683,0.21663869730759489,0,0.0,0.21663869730759489,False,False,False,False
461,2365000000,pinch_close,False,,False,False,65.55212221366739,0.530174765160179,0.2463731939438618,0,0.0,0.2463731939438618,False,False,False,False
462,2370000000,pinch_close,False,,False,False,66.60154501164911,0.5476510518049212,0.20156180841129728,0,0.0,0.20156180841129728,True,False,False,False
463,2375000000,pinch_close,False,,False,False,66.54984241305738,0.5410890717081689,0.17930678392942456,0,0.0,0.17930678392942456,True,False,False,False
464,2380000000,pinch_close,False,,False,False,66.32841311857757,0.532052709652067,0.2118562483639722,0,0.0,0.2118562483639722,False,False,False,False
465,2385000000,contact_gate,False,,False,False,63.93282825162041,0.5157877040332236,0.2053086143903448,0,0.0,0.2053086143903448,True,False,True,False
466,2390000000,contact_gate,False,,False,False,48.163234242769704,0.49805387457532263,0.1444122412273616,0,0.0,0.1444122412273616,True,False,True,False
467,2395000000,contact_gate,False,,False,False,36.63527345585454,0.4930122401546364,0.11611119698907547,0,0.0,0.11611119698907547,True,False,True,False
468,2400000000,contact_gate,False,,False,False,28.593247709034117,0.4968218007302693,0.09495217074616324,0,0.0,0.09495217074616324,True,False,True,False
469,2405000000,contact_gate,False,,False,False,22.91905659619224,0.5013343466109779,0.04680079269392622,0,0.0,0.04680079269392622,True,False,True,False
470,2410000000,contact_gate,False,,False,False,18.918361735886144,0.5075071866548964,0.10753827317781067,0,0.0,0.10753827317781067,True,False,True,False
471,2415000000,contact_gate,False,,False,False,16.539938070326237,0.5575909121699963,0.07603442540215619,0,0.0,0.07603442540215619,True,False,True,False
472,2420000000,contact_gate,False,,False,False,14.975172689359054,0.6189550799645328,0.06409129951876866,0,0.0,0.06409129951876866,True,False,True,False
473,2425000000,contact_gate,False,,False,False,13.83071524780696,0.6693957798274839,0.052055165248919566,0,0.0,0.052055165248919566,True,False,True,False
474,2430000000,contact_gate,False,,False,False,12.981331641853195,0.7063062913239521,0.047612526636129054,0,0.0,0.047612526636129054,True,False,True,False
475,2435000000,contact_gate,False,,False,False,12.434242768340482,0.7420580848230637,0.07599016194402342,0,0.0,0.07599016194402342,True,False,True,False
476,2440000000,contact_gate,False,,False,False,12.244333813164825,0.7978953852838645,0.032830370250513455,0,0.0,0.032830370250513455,True,False,True,False
477,2445000000,contact_gate,False,,False,False,12.119804758673165,0.8353518470532042,0.0520163327252967,0,0.0,0.0520163327252967,True,True,False,False
478,2450000000,contact_gate,False,,False,False,12.02063748318113,0.8600061902647848,0.07445352636766783,0,0.0,0.07445352636766783,True,True,False,False
479,2455000000,post_contact_settle,False,,False,False,12.000816979517666,0.8638606195761652,0.050152810259110364,0,0.0,0.050152810259110364,True,True,False,False
480,2460000000,post_contact_settle,False,,False,False,11.547945387668765,0.9025478980990974,0.03690110512850192,0,0.0,0.03690110512850192,True,True,False,False
481,2465000000,slow_lift,False,,False,True,11.051885472953536,0.9234063102401486,0.05558250307926627,0,0.0,0.05558250307926627,True,False,True,False
482,2470000000,slow_lift,False,,False,True,10.84408129769734,0.9287119291384588,0.07312204672345565,0,0.0,0.09323758406059621,True,False,True,False
483,2475000000,slow_lift,False,,False,True,10.660917023301788,0.9306260687826465,0.11901394470194435,0,0.0,0.11901394470194435,True,False,True,False
484,2480000000,slow_lift,False,,False,True,10.508097935793847,0.9296300964119112,0.05415441822509015,0,0.0,0.05415441822509015,True,False,True,False
486,2490000000,slow_lift,False,,False,True,10.276874049899401,0.9219472855650666,0.05504029864822374,0,0.0,0.05504029864822374,True,False,True,False
487,2495000000,slow_lift,False,,False,True,10.2008500494494,0.9139677352962984,0.03871109474066117,0,0.0,0.053230392819814426,True,False,True,False
488,2500000000,slow_lift,False,,False,True,10.265499724642883,0.8898514578979426,0.05874576342410341,0,0.0,0.05874576342410341,True,False,True,False
489,2505000000,slow_lift,False,,False,False,10.533025937145759,0.857998495766932,0.035459859787454404,0,0.0,0.04151559083068962,True,True,False,False
490,2510000000,slow_lift,False,,False,False,10.85657759522237,0.8425124331039853,0.0567506300289159,0,0.0,0.06257375517250185,True,True,False,False
491,2515000000,slow_lift,False,,False,False,11.16856797448419,0.8433282830997781,0.07767685309809677,0,0.0,0.07767685309809677,True,True,False,False
492,2520000000,slow_lift,False,,False,False,11.446989260102129,0.8543703793119981,0.08045472178081842,0,0.0,0.08045472178081842,True,True,False,False
493,2525000000,slow_lift,False,,False,False,11.671606638826075,0.8721215247914023,0.05952357368118476,0,0.0,0.05952357368118476,True,True,False,False
494,2530000000,slow_lift,False,,False,False,11.826026817937615,0.8939762507492004,0.036278669510213676,0,0.0,0.036278669510213676,True,True,False,False
495,2535000000,slow_lift,False,,False,False,11.8978636136666,0.9179187453147809,0.04547952015406575,0,0.0,0.04547952015406575,True,True,False,False
496,2540000000,slow_lift,False,,False,False,11.878223008230847,0.9423549815865835,0.05669496781865535,0,0.0,0.05059250006879884,True,True,False,False
497,2545000000,slow_lift,False,,False,False,11.763474505651839,0.96432538110656,0.04170326992268841,0,0.0,0.04170326992268841,True,True,False,False
498,2562000000,slow_lift,False,,False,False,11.558825160919348,0.9787796846033593,0.05597310891352267,0,0.0,0.05597310891352267,True,True,False,False
499,2567000000,slow_lift,False,,False,False,11.272981592854872,0.9827823750906425,0.039758528475624805,0,0.0,0.039758528475624805,True,True,False,False
500,2572000000,slow_lift,False,,False,False,10.912269052579575,0.9770551042183747,0.07231075593952346,0,0.0,0.07231075593952346,True,True,False,False
501,2577000000,slow_lift,False,,False,False,10.489621425752425,0.9628523576447714,0.04659147663641461,0,0.0,0.04659147663641461,True,True,False,False
502,2582000000,slow_lift,False,,False,False,10.048710128681428,0.9370675636666917,0.053417081871869866,0,0.0,0.053417081871869866,True,True,False,False
503,2587000000,slow_lift,False,,False,False,9.750708164693137,0.8777599325732242,0.0763215796768327,0,0.0,0.0763215796768327,True,True,False,False
504,2592000000,slow_lift,False,,False,False,9.460945087316341,0.8178279409389502,0.05899341410470463,0,0.0,0.05899341410470463,True,True,False,False
505,2597000000,slow_lift,False,,False,False,9.19164345221057,0.7609885443201742,0.03759284329963572,0,0.0,0.054158313083851564,True,True,False,False
506,2602000000,slow_lift,False,,False,False,8.955179080828987,0.7082731228327266,0.054232520907660425,0,0.0,0.054232520907660425,True,True,False,False
507,2607000000,slow_lift,False,,False,False,8.760670526090816,0.6621463698030416,0.04186726408704039,0,0.0,0.04186726408704039,True,True,False,False
508,2612000000,slow_lift,True,driver_fault_injected,False,False,8.612193946928025,0.6249027205653462,0.04791730359202372,0,0.0,0.04791730359202372,True,True,False,False
509,2617000000,slow_lift,False,,False,False,8.509691273419698,0.598980118430518,0.05699559033995763,0,0.0,0.03184770546850999,True,True,False,False
510,2622000000,slow_lift,False,,False,False,8.449081102850295,0.5873209062006772,0.0599110803230253,0,0.0,0.03621115189648479,True,True,False,False
511,2627000000,slow_lift,False,,False,False,8.425864923863344,0.5906377893277559,0.05077174190848069,0,0.0,0.029855234736841516,True,True,False,False
512,2632000000,slow_lift,False,,False,False,8.436268276462126,0.6073418549286349,0.03806054730762999,0,0.0,0.0426114653704777,True,True,False,False
513,2637000000,slow_lift,False,,False,False,8.477006932780055,0.6335654163646053,0.06199307555009253,0,0.0,0.030107128558110496,True,True,False,False
514,2642000000,slow_lift,False,,False,False,8.542897746447652,0.6649332592524075,0.05316757432085148,0,0.0,0.05316757432085148,True,True,False,False
515,2647000000,slow_lift,False,,False,False,8.624952221996429,0.6982381824116469,0.07524607763147889,0,0.0,0.07524607763147889,True,True,False,False
516,2652000000,slow_lift,False,,False,False,8.735541928104315,0.728331146830989,0.04874188295202411,0,0.0,0.04874188295202411,True,True,False,False
517,2657000000,slow_lift,False,,False,False,8.917459312065013,0.7461442563985126,0.05266238344566212,0,0.0,0.05266238344566212,True,True,False,False
518,2662000000,slow_lift,False,,False,False,9.073207160114832,0.7639320075911987,0.0626062438144209,0,0.0,0.0626062438144209,True,True,False,False
519,2667000000,slow_lift,True,encoder_freeze_injected,False,False,9.196483910179607,0.7814276840542892,0.037149857004860676,0,0.0,0.037149857004860676,True,True,False,False
520,2672000000,slow_lift,False,,False,False,9.282540421818938,0.7981257699115054,0.04933642552767205,0,0.0,0.04933642552767205,True,True,False,False
521,2677000000,slow_lift,False,,False,False,9.327874701671282,0.8132688350018127,0.06721408293834265,0,0.0,0.058008627726155754,True,True,False,False
522,2682000000,slow_lift,False,,False,False,9.330074082177592,0.8256752238525701,0.06354316817735793,0,0.0,0.06354316817735793,True,True,False,False
523,2687000000,slow_lift,False,,False,False,9.288793736968385,0.8334599747422947,0.05606425298219139,0,0.0,0.05606425298219139,True,True,False,False
524,2692000000,slow_lift,False,,False,False,9.205026865819352,0.8355613425064488,0.07228912283042221,0,0.0,0.04061919764761837,True,True,False,False
525,2697000000,slow_lift,False,,False,False,9.078761149223883,0.8320370278402692,0.023061775567200647,0,0.0,0.023960027478661605,True,True,False,False
526,2702000000,slow_lift,False,,False,False,8.913237091621614,0.8235592398987186,0.0446149366590112,0,0.0,0.0446149366590112,True,True,False,False
527,2707000000,slow_lift,False,,False,False,8.715823338267818,0.811246075676375,0.030953938909500402,0,0.0,0.030953938909500402,True,True,False,False
528,2712000000,slow_lift,False,,False,False,8.496539056228432,0.7968860756519105,0.04326322347485552,0,0.0,0.04326322347485552,True,True,False,False
529,2717000000,slow_lift,False,,False,False,8.266415531779671,0.7820192957760657,0.04953590925933882,0,0.0,0.04953590925933882,True,True,False,False
530,2722000000,slow_lift,False,,False,False,8.037283581541027,0.7673775582916067,0.05174728673520264,0,0.0,0.05174728673520264,True,True,False,False
531,2727000000,slow_lift,False,,False,False,7.8208230459545005,0.753106036742646,0.05932446725648467,0,0.0,0.05932446725648467,True,True,False,False
532,2732000000,slow_lift,False,,False,False,7.627266323771044,0.7391297919204496,0.038404708519620426,0,0.0,0.038404708519620426,True,True,False,False
533,2737000000,slow_lift,False,,False,False,7.464370723144553,0.7254634829219949,0.035770145771246944,0,0.0,0.024819811266149867,True,True,False,False
534,2742000000,slow_lift,False,,False,False,7.344781969208162,0.7110712945545259,0.05686346885532012,0,0.0,0.05686346885532012,True,True,False,False
535,2747000000,slow_lift,False,,False,False,7.248240278432672,0.7001434769720167,0.03622721126161635,0,0.0,0.03622721126161635,True,True,False,False
536,2752000000,slow_lift,False,,False,False,7.1920689507363935,0.6903927842510301,0.0456178064926382,0,0.0,0.04689338712604067,True,True,False,False
537,2757000000,slow_lift,False,,False,False,7.17027973755954,0.6834253997181289,0.03461105126793325,0,0.0,0.03353352787817194,True,True,False,False
538,2762000000,slow_lift,False,,False,False,7.175611527449365,0.6803228654607604,0.0520470231126533,0,0.0,0.0520470231126533,True,True,False,False
539,2767000000,slow_lift,False,,False,False,7.201945267077537,0.6811009529028743,0.06091199628069684,0,0.0,0.0489839709345259,True,True,False,False
540,2772000000,slow_lift,False,,False,False,7.242140294725324,0.6852653391969762,0.04130930933108096,0,0.0,0.05866827682537316,True,True,False,False
541,2777000000,slow_lift,False,,False,False,7.28826087908573,0.692007223341684,0.0477092275817088,0,0.0,0.015720801559954412,True,True,False,False
542,2782000000,slow_lift,False,,False,False,7.334266382546624,0.7003847948915535,0.03309058562585339,0,0.0,0.03309058562585339,True,True,False,False
543,2787000000,slow_lift,False,,False,False,7.37733798986478,0.7095372093758411,0.03553561004816981,0,0.0,0.03553561004816981,True,True,False,False
544,2792000000,slow_lift,False,,False,False,7.417094061672514,0.7187999139166213,0.05517233137617514,0,0.0,0.02428854325206354,True,True,False,False
545,2797000000,slow_lift,False,,False,False,7.451359201236613,0.7276184697304322,0.03840895672009698,0,0.0,0.04215189316367502,True,True,False,False
546,2802000000,slow_lift,False,,False,False,7.4774118367905125,0.7355498070502103,0.07273703169955859,0,0.0,0.0464217129276032,True,True,False,False
547,2807000000,slow_lift,False,,False,False,7.492604521688728,0.7422931706645217,0.03933663004793775,0,0.0,0.03933663004793775,True,True,False,False
548,2812000000,slow_lift,False,,False,False,7.428064169307272,0.7482078484486046,0.03580125846994923,0,0.0,0.035939139758676235,True,True,False,False
549,2817000000,slow_lift,False,,False,False,7.3326643109111185,0.7508538728188943,0.04217668432232184,0,0.0,0.04217668432232184,True,True,False,False
550,2822000000,slow_lift,False,,False,False,7.254182954010554,0.7494039102644734,0.02939624632512171,0,0.0,0.020033450414811,True,True,False,False
551,2827000000,slow_lift,False,,False,False,7.164105000715521,0.747263424934522,0.051520767721349434,0,0.0,0.051520767721349434,True,True,False,False
552,2832000000,slow_lift,False,,False,False,7.084254502900247,0.7440190846135158,0.04401959202167995,0,0.0,0.052257550241641595,True,True,False,False
553,2837000000,hold,False,,False,False,7.069238197941415,0.7433436317890009,0.05435419155965514,0,0.0,0.05435419155965514,True,True,False,True
554,2842000000,hold,False,,False,False,6.981788732903036,0.745421915693187,0.029948195283822258,0,0.0,0.029948195283822258,True,True,False,True
555,2847000000,hold,False,,False,False,6.843041907070245,0.7555452965763302,0.03418407969192949,0,0.0,0.033644973348860144,True,True,False,True
556,2852000000,hold,False,,False,False,6.633070693045147,0.7658887085230832,0.04637992102209269,0,0.0,0.036969917739214174,True,True,False,True
557,2857000000,hold,False,,False,False,6.353694872515848,0.7689609807081446,0.04131433890635792,0,0.0,0.03374740217410336,True,True,False,True
558,2862000000,hold,False,,False,False,6.023774291399082,0.7588463609800379,0.07102406378992403,0,0.0,0.07102406378992403,True,True,False,True
559,2867000000,hold,False,,False,False,5.67331338988389,0.7319819495584561,0.05122933763655098,0,0.0,0.05122933763655098,True,True,False,True
560,2872000000,hold,False,,False,False,5.340539079237173,0.6868703962967301,0.05943541267726806,0,0.0,0.05035677015972648,True,True,False,True
561,2877000000,hold,False,,False,False,5.1646239096112385,0.609801582208478,0.053498049496938184,0,0.0,0.05142207658669479,True,True,False,True
562,2882000000,hold,False,,False,False,5.063310838392082,0.5380460992945335,0.04555059712942089,0,0.0,0.04555059712942089,True,True,False,True
563,2887000000,hold,False,,False,False,5.019502205255129,0.48421407211880063,0.03959451566553003,0,0.0,0.05092085304695195,True,True,False,True
564,2892000000,hold,False,,False,False,5.031461530168345,0.45467600133602143,0.04874327354965583,0,0.0,0.04948495558145318,True,True,False,True
565,2897000000,hold,False,,False,False,5.093696982186011,0.4526956109344433,0.07956088830034144,0,0.0,0.07956088830034144,True,True,False,True
566,2902000000,release_open,False,,False,False,5.1116573057089365,0.45547180364390116,0.05368471965075249,0,0.0,0.03169005630904714,True,False,False,False
567,2907000000,release_open,False,,False,False,52.153846404985316,0.5539151143117038,0.14698424934657403,0,0.0,0.14698424934657403,True,False,False,False
568,2912000000,release_open,False,,False,False,63.93579388376193,0.5284826743749851,0.20315167618590127,0,0.0,0.20315167618590127,False,False,False,False
569,2917000000,release_open,False,,False,False,66.25787408217235,0.5254398367492691,0.18655038012642777,0,0.0,0.18655038012642777,False,False,False,False
570,2922000000,release_open,False,,False,False,66.70288020944157,0.5234889306783362,0.23018674672473804,0,0.0,0.23018674672473804,False,False,False,False
571,2927000000,release_open,False,,False,False,66.98501013389779,0.5227267987767802,0.20940013422881484,0,0.0,0.20940013422881484,False,False,False,False
572,2932000000,release_open,False,,False,False,67.4131424021621,0.5222557554249507,0.2042780123966432,0,0.0,0.2042780123966432,False,False,False,False
573,2937000000,release_open,False,,False,False,67.74780828049087,0.52274797829601,0.17528291755774608,0,0.0,0.17528291755774608,False,False,False,False
574,2942000000,release_settle,False,,False,False,63.92626642735463,0.5231375611473693,0.1906262574391057,0,0.0,0.1906262574391057,False,False,False,False
575,2947000000,release_settle,False,,False,False,14.709491462314567,0.5440799386007017,0.051369098189445045,0,0.0,0.051369098189445045,False,False,False,False
576,2952000000,release_settle,False,,False,False,4.681384733158348,0.557687455516828,0.031940094928325294,0,0.0,0.031940094928325294,False,False,False,False
577,2957000000,release_settle,False,,False,False,2.451120744083461,0.5722241642915755,0.025564377069326422,0,0.0,0.026930104383779335,False,False,False,False
578,2962000000,release_settle,False,,False,False,2.0033055414127623,0.6276933006764057,0.04097891850566734,0,0.0,0.03463487959475406,False,False,False,False
579,2967000000,release_settle,True,tension_dropout_injected,False,False,0.0,0.0,0.027829334238967888,0,0.0,0.043424226191719636,False,False,True,False
580,2972000000,release_settle,False,,False,False,1.8787011138525782,0.6803202978160977,0.07692072314776177,0,0.0,0.03175861730494029,False,False,False,False
581,2989000000,release_settle,False,,False,False,1.8666044429366373,0.6830454094944797,0.0578712635528236,0,0.0,0.025232556475349322,False,False,False,False
583,2999000000,release_settle,False,,False,False,1.8659516714166795,0.6836836948530283,0.029810881704525144,0,0.0,0.03834296333414798,False,False,False,False
584,3004000000,release_settle,False,,False,False,1.865481061601927,0.6837337040503718,0.0483959224096043,0,0.0,0.039203694171429423,False,False,False,False
585,3009000000,release_settle,False,,False,False,1.865560127308247,0.6837220890668992,0.02601735042414583,0,0.0,0.043924007783504714,False,False,False,False
586,3014000000,release_settle,False,,False,False,1.865529382454855,0.6837234591461784,0.05697891819576994,0,0.0,0.04087991893189353,False,False,False,False
587,3019000000,release_settle,False,,False,False,1.865481413445624,0.6837208115202948,0.035563537502295,0,0.0,0.035563537502295,False,False,False,False
588,3024000000,release_settle,False,,False,False,1.8654711655606915,0.6837152862414551,0.04582329771105883,0,0.0,0.03112912812478007,False,False,False,False
589,3029000000,release_settle,False,,False,False,1.8654538924510624,0.6837115103535345,0.04315573143140049,0,0.0,0.02227757172744952,False,False,False,False
590,3034000000,release_settle,False,,False,False,1.865434464338577,0.6837080858581762,0.03635687335917417,0,0.0,0.04168296682222527,False,False,False,False
591,3039000000,final,False,,False,False,1.86542251589543,0.6837054560105711,0.03381534516851007,0,0.0,0.015992747640104478,False,False,False,False
592,3044000000,approach,False,,False,False,0.0,0.0,0.0330886074873059,0,0.0,0.0330886074873059,False,False,False,False
593,3049000000,approach,False,,False,False,0.8547166137532618,0.7217049526164344,0.0470133677115935,0,0.0,0.060024048562711894,False,False,False,False
594,3054000000,approach,False,,False,False,1.0875073855988076,0.2579178179711586,0.025947619074589298,0,0.0,0.024909180947556342,False,False,False,False
595,3059000000,approach,False,,False,False,2.682277766280942,0.6323432169960534,0.030247506613593784,0,0.0,0.06034017988151644,False,False,False,False
596,3064000000,approach,True,current_saturation_injected,False,False,2.8892605053401867,0.6956133629801942,4.32,1,0.0,4.32,False,False,False,False
597,3069000000,approach,False,,False,False,1.450941278425464,0.6515427801534807,0.016522496690474082,0,0.0,0.022293979956236692,False,False,False,False
598,3074000000,approach,False,,False,False,1.1125238294943731,0.2693621600431468,0.038721550577432776,0,0.0,0.04910516583986765,False,False,False,False
599,3079000000,approach,False,,False,False,1.3190937851934832,0.2735813902229401,0.055945051674122365,0,0.0,0.055945051674122365,False,False,False,False
600,3084000000,approach,False,,False,False,1.6601075299997863,0.5383507711058108,0.02967183386260822,0,0.0,0.07218902658478944,False,False,False,False
601,3089000000,preshape,False,,False,False,2.927155903527473,0.62979868669859,0.05275659447112242,0,0.0,0.026592268177014704,False,False,False,False
602,3094000000,preshape,False,,False,False,1.617556529594419,0.5148514807645823,0.0343361957979297,0,0.0,0.07100767721110327,False,False,False,False
603,3099000000,preshape,False,,False,False,1.3410453478003483,0.3102569970811143,0.04973140042032455,0,0.0,0.04973140042032455,False,False,False,False
604,3104000000,preshape,False,,False,False,1.4803320490650698,0.38474977008767497,0.037528041219929045,0,0.0,0.05394220821785881,False,False,False,False
605,3109000000,pinch_close,False,,False,False,1.5138198825362559,0.4100774900920963,0.053278811413748565,0,0.0,0.03281031148394824,False,False,False,False
606,3114000000,pinch_close,False,,False,False,51.564353888137724,0.5288124569906043,0.13798839951768407,0,0.0,0.13798839951768407,False,False,False,False
607,3119000000,pinch_close,False,,False,False,62.34172397923752,0.5295700959049316,0.17813149396185593,0,0.0,0.17813149396185593,False,False,False,False
608,3124000000,pinch_close,False,,False,False,64.80925297151838,0.5303518931310683,0.21663869730759489,0,0.0,0.21663869730759489,False,False,False,False
609,3129000000,pinch_close,False,,False,False,65.55212221366739,0.530174765160179,0.2463731939438618,0,0.0,0.2463731939438618,False,False,False,False
610,3134000000,pinch_close,False,,False,False,66.60154501164911,0.5476510518049212,0.20156180841129728,0,0.0,0.20156180841129728,True,False,False,False
611,3139000000,pinch_close,False,,False,False,66.54984241305738,0.5410890717081689,0.17930678392942456,0,0.0,0.17930678392942456,True,False,False,False
612,3144000000,pinch_close,False,,False,False,66.32841311857757,0.532052709652067,0.2118562483639722,0,0.0,0.2118562483639722,False,False,False,False
613,3149000000,contact_gate,False,,False,False,63.93282825162041,0.5157877040332236,0.2053086143903448,0,0.0,0.2053086143903448,True,False,True,False
614,3154000000,contact_gate,False,,False,False,48.163234242769704,0.49805387457532263,0.1444122412273616,0,0.0,0.1444122412273616,True,False,True,False
615,3159000000,contact_gate,False,,False,False,36.63527345585454,0.4930122401546364,0.11611119698907547,0,0.0,0.11611119698907547,True,False,True,False
616,3164000000,contact_gate,False,,False,False,28.593247709034117,0.4968218007302693,0.09495217074616324,0,0.0,0.09495217074616324,True,False,True,False
617,3169000000,contact_gate,False,,False,False,22.91905659619224,0.5013343466109779,0.04680079269392622,0,0.0,0.04680079269392622,True,False,True,False
618,3174000000,contact_gate,False,,False,False,18.918361735886144,0.5075071866548964,0.10753827317781067,0,0.0,0.10753827317781067,True,False,True,False
619,3179000000,contact_gate,False,,False,False,16.539938070326237,0.5575909121699963,0.07603442540215619,0,0.0,0.07603442540215619,True,False,True,False
620,3184000000,contact_gate,False,,False,False,14.975172689359054,0.6189550799645328,0.06409129951876866,0,0.0,0.06409129951876866,True,False,True,False
621,3189000000,contact_gate,False,,False,False,13.83071524780696,0.6693957798274839,0.052055165248919566,0,0.0,0.052055165248919566,True,False,True,False
622,3194000000,contact_gate,False,,False,False,12.981331641853195,0.7063062913239521,0.047612526636129054,0,0.0,0.047612526636129054,True,False,True,False
623,3199000000,contact_gate,False,,False,False,12.434242768340482,0.7420580848230637,0.07599016194402342,0,0.0,0.07599016194402342,True,False,True,False
624,3204000000,contact_gate,False,,False,False,12.244333813164825,0.7978953852838645,0.032830370250513455,0,0.0,0.032830370250513455,True,False,True,False
625,3209000000,contact_gate,False,,False,False,12.119804758673165,0.8353518470532042,0.0520163327252967,0,0.0,0.0520163327252967,True,True,False,False
626,3214000000,contact_gate,False,,False,False,12.02063748318113,0.8600061902647848,0.07445352636766783,0,0.0,0.07445352636766783,True,True,False,False
627,3219000000,post_contact_settle,False,,False,False,12.000816979517666,0.8638606195761652,0.050152810259110364,0,0.0,0.050152810259110364,True,True,False,False
628,3224000000,post_contact_settle,False,,False,False,11.547945387668765,0.9025478980990974,0.03690110512850192,0,0.0,0.03690110512850192,True,True,False,False
629,3229000000,slow_lift,False,,False,True,11.051885472953536,0.9234063102401486,0.05558250307926627,0,0.0,0.05558250307926627,True,False,True,False
630,3234000000,slow_lift,False,,False,True,10.84408129769734,0.9287119291384588,0.07312204672345565,0,0.0,0.09323758406059621,True,False,True,False
631,3239000000,slow_lift,False,,False,True,10.660917023301788,0.9306260687826465,0.11901394470194435,0,0.0,0.11901394470194435,True,False,True,False
632,3244000000,slow_lift,False,,False,True,10.508097935793847,0.9296300964119112,0.05415441822509015,0,0.0,0.05415441822509015,True,False,True,False
633,3249000000,slow_lift,True,bus_voltage_sag_injected,False,True,10.38190876579344,0.9265311919867523,0.03690746601826227,0,0.0,0.0365315532286582,True,False,True,False
634,3254000000,slow_lift,False,,False,True,10.276874049899401,0.9219472855650666,0.05504029864822374,0,0.0,0.05504029864822374,True,False,True,False
635,3259000000,slow_lift,True,driver_fault_injected,False,True,10.2008500494494,0.9139677352962984,0.03871109474066117,0,0.0,0.053230392819814426,True,False,True,False
636,3264000000,slow_lift,False,,False,True,10.265499724642883,0.8898514578979426,0.05874576342410341,0,0.0,0.05874576342410341,True,False,True,False
637,3269000000,slow_lift,False,,False,False,10.533025937145759,0.857998495766932,0.035459859787454404,0,0.0,0.04151559083068962,True,True,False,False
638,3274000000,slow_lift,False,,False,False,10.85657759522237,0.8425124331039853,0.0567506300289159,0,0.0,0.06257375517250185,True,True,False,False
639,3279000000,slow_lift,False,,False,False,11.16856797448419,0.8433282830997781,0.07767685309809677,0,0.0,0.07767685309809677,True,True,False,False
640,3284000000,slow_lift,False,,False,False,11.446989260102129,0.8543703793119981,0.08045472178081842,0,0.0,0.08045472178081842,True,True,False,False
641,3289000000,slow_lift,False,,False,False,11.671606638826075,0.8721215247914023,0.05952357368118476,0,0.0,0.05952357368118476,True,True,False,False
642,3294000000,slow_lift,False,,False,False,11.826026817937615,0.8939762507492004,0.036278669510213676,0,0.0,0.036278669510213676,True,True,False,False
643,3299000000,slow_lift,False,,False,False,11.8978636136666,0.9179187453147809,0.04547952015406575,0,0.0,0.04547952015406575,True,True,False,False
644,3304000000,slow_lift,False,,False,False,11.878223008230847,0.9423549815865835,0.05669496781865535,0,0.0,0.05059250006879884,True,True,False,False
645,3309000000,slow_lift,False,,False,False,11.763474505651839,0.96432538110656,0.04170326992268841,0,0.0,0.04170326992268841,True,True,False,False
646,3314000000,slow_lift,False,,False,False,11.558825160919348,0.9787796846033593,0.05597310891352267,0,0.0,0.05597310891352267,True,True,False,False
647,3319000000,slow_lift,False,,False,False,11.272981592854872,0.9827823750906425,0.039758528475624805,0,0.0,0.039758528475624805,True,True,False,False
648,3324000000,slow_lift,False,,False,False,10.912269052579575,0.9770551042183747,0.07231075593952346,0,0.0,0.07231075593952346,True,True,False,False
649,3329000000,slow_lift,False,,False,False,10.489621425752425,0.9628523576447714,0.04659147663641461,0,0.0,0.04659147663641461,True,True,False,False
650,3334000000,slow_lift,False,,False,False,10.048710128681428,0.9370675636666917,0.053417081871869866,0,0.0,0.053417081871869866,True,True,False,False
651,3339000000,slow_lift,False,,False,False,9.750708164693137,0.8777599325732242,0.0763215796768327,0,0.0,0.0763215796768327,True,True,False,False
652,3344000000,slow_lift,False,,False,False,9.460945087316341,0.8178279409389502,0.05899341410470463,0,0.0,0.05899341410470463,True,True,False,False
653,3349000000,slow_lift,False,,False,False,9.19164345221057,0.7609885443201742,0.03759284329963572,0,0.0,0.054158313083851564,True,True,False,False
654,3354000000,slow_lift,False,,False,False,8.955179080828987,0.7082731228327266,0.054232520907660425,0,0.0,0.054232520907660425,True,True,False,False
655,3359000000,slow_lift,False,,False,False,8.760670526090816,0.6621463698030416,0.04186726408704039,0,0.0,0.04186726408704039,True,True,False,False
656,3364000000,slow_lift,False,,False,False,8.612193946928025,0.6249027205653462,0.04791730359202372,0,0.0,0.04791730359202372,True,True,False,False
657,3369000000,slow_lift,False,,False,False,8.509691273419698,0.598980118430518,0.05699559033995763,0,0.0,0.03184770546850999,True,True,False,False
658,3374000000,slow_lift,False,,False,False,8.449081102850295,0.5873209062006772,0.0599110803230253,0,0.0,0.03621115189648479,True,True,False,False
659,3379000000,slow_lift,False,,False,False,8.425864923863344,0.5906377893277559,0.05077174190848069,0,0.0,0.029855234736841516,True,True,False,False
660,3384000000,slow_lift,False,,False,False,8.436268276462126,0.6073418549286349,0.03806054730762999,0,0.0,0.0426114653704777,True,True,False,False
661,3389000000,slow_lift,False,,False,False,8.477006932780055,0.6335654163646053,0.06199307555009253,0,0.0,0.030107128558110496,True,True,False,False
662,3394000000,slow_lift,False,,False,False,8.542897746447652,0.6649332592524075,0.05316757432085148,0,0.0,0.05316757432085148,True,True,False,False
663,3399000000,slow_lift,False,,False,False,8.624952221996429,0.6982381824116469,0.07524607763147889,0,0.0,0.07524607763147889,True,True,False,False
664,3416000000,slow_lift,False,,False,False,8.735541928104315,0.728331146830989,0.04874188295202411,0,0.0,0.04874188295202411,True,True,False,False
665,3421000000,slow_lift,False,,False,False,8.917459312065013,0.7461442563985126,0.05266238344566212,0,0.0,0.05266238344566212,True,True,False,False
666,3426000000,slow_lift,False,,False,False,9.073207160114832,0.7639320075911987,0.0626062438144209,0,0.0,0.0626062438144209,True,True,False,False
667,3431000000,slow_lift,False,,False,False,9.196483910179607,0.7814276840542892,0.037149857004860676,0,0.0,0.037149857004860676,True,True,False,False
668,3436000000,slow_lift,False,,False,False,9.282540421818938,0.7981257699115054,0.04933642552767205,0,0.0,0.04933642552767205,True,True,False,False
669,3441000000,slow_lift,False,,False,False,9.327874701671282,0.8132688350018127,0.06721408293834265,0,0.0,0.058008627726155754,True,True,False,False
670,3446000000,slow_lift,False,,False,False,9.330074082177592,0.8256752238525701,0.06354316817735793,0,0.0,0.06354316817735793,True,True,False,False
671,3451000000,slow_lift,False,,False,False,9.288793736968385,0.8334599747422947,0.05606425298219139,0,0.0,0.05606425298219139,True,True,False,False
672,3456000000,slow_lift,False,,False,False,9.205026865819352,0.8355613425064488,0.07228912283042221,0,0.0,0.04061919764761837,True,True,False,False
673,3461000000,slow_lift,False,,False,False,9.078761149223883,0.8320370278402692,0.023061775567200647,0,0.0,0.023960027478661605,True,True,False,False
674,3466000000,slow_lift,False,,False,False,8.913237091621614,0.8235592398987186,0.0446149366590112,0,0.0,0.0446149366590112,True,True,False,False
675,3471000000,slow_lift,False,,False,False,8.715823338267818,0.811246075676375,0.030953938909500402,0,0.0,0.030953938909500402,True,True,False,False
676,3476000000,slow_lift,False,,False,False,8.496539056228432,0.7968860756519105,0.04326322347485552,0,0.0,0.04326322347485552,True,True,False,False
677,3481000000,slow_lift,False,,False,False,8.266415531779671,0.7820192957760657,0.04953590925933882,0,0.0,0.04953590925933882,True,True,False,False
678,3486000000,slow_lift,False,,False,False,8.037283581541027,0.7673775582916067,0.05174728673520264,0,0.0,0.05174728673520264,True,True,False,False
680,3496000000,slow_lift,False,,False,False,7.627266323771044,0.7391297919204496,0.038404708519620426,0,0.0,0.038404708519620426,True,True,False,False
681,3501000000,slow_lift,False,,False,False,7.464370723144553,0.7254634829219949,0.035770145771246944,0,0.0,0.024819811266149867,True,True,False,False
682,3506000000,slow_lift,False,,False,False,7.344781969208162,0.7110712945545259,0.05686346885532012,0,0.0,0.05686346885532012,True,True,False,False
683,3511000000,slow_lift,False,,False,False,7.248240278432672,0.7001434769720167,0.03622721126161635,0,0.0,0.03622721126161635,True,True,False,False
684,3516000000,slow_lift,False,,False,False,7.1920689507363935,0.6903927842510301,0.0456178064926382,0,0.0,0.04689338712604067,True,True,False,False
685,3521000000,slow_lift,False,,False,False,7.17027973755954,0.6834253997181289,0.03461105126793325,0,0.0,0.03353352787817194,True,True,False,False
686,3526000000,slow_lift,False,,False,False,7.175611527449365,0.6803228654607604,0.0520470231126533,0,0.0,0.0520470231126533,True,True,False,False
687,3531000000,slow_lift,False,,False,False,7.201945267077537,0.6811009529028743,0.06091199628069684,0,0.0,0.0489839709345259,True,True,False,False
688,3536000000,slow_lift,False,,False,False,7.242140294725324,0.6852653391969762,0.04130930933108096,0,0.0,0.05866827682537316,True,True,False,False
689,3541000000,slow_lift,False,,False,False,7.28826087908573,0.692007223341684,0.0477092275817088,0,0.0,0.015720801559954412,True,True,False,False
690,3546000000,slow_lift,False,,False,False,7.334266382546624,0.7003847948915535,0.03309058562585339,0,0.0,0.03309058562585339,True,True,False,False
691,3551000000,slow_lift,False,,False,False,7.37733798986478,0.7095372093758411,0.03553561004816981,0,0.0,0.03553561004816981,True,True,False,False
692,3556000000,slow_lift,True,encoder_freeze_injected,False,False,7.417094061672514,0.7187999139166213,0.05517233137617514,0,0.0,0.02428854325206354,True,True,False,False
693,3561000000,slow_lift,False,,False,False,7.451359201236613,0.7276184697304322,0.03840895672009698,0,0.0,0.04215189316367502,True,True,False,False
694,3566000000,slow_lift,False,,False,False,7.4774118367905125,0.7355498070502103,0.07273703169955859,0,0.0,0.0464217129276032,True,True,False,False
695,3571000000,slow_lift,False,,False,False,7.492604521688728,0.7422931706645217,0.03933663004793775,0,0.0,0.03933663004793775,True,True,False,False
696,3576000000,slow_lift,False,,False,False,7.428064169307272,0.7482078484486046,0.03580125846994923,0,0.0,0.035939139758676235,True,True,False,False
697,3581000000,slow_lift,False,,False,False,7.3326643109111185,0.7508538728188943,0.04217668432232184,0,0.0,0.04217668432232184,True,True,False,False
698,3586000000,slow_lift,False,,False,False,7.254182954010554,0.7494039102644734,0.02939624632512171,0,0.0,0.020033450414811,True,True,False,False
699,3591000000,slow_lift,False,,False,False,7.164105000715521,0.747263424934522,0.051520767721349434,0,0.0,0.051520767721349434,True,True,False,False
700,3596000000,slow_lift,False,,False,False,7.084254502900247,0.7440190846135158,0.04401959202167995,0,0.0,0.052257550241641595,True,True,False,False
701,3601000000,hold,False,,False,False,7.069238197941415,0.7433436317890009,0.05435419155965514,0,0.0,0.05435419155965514,True,True,False,True
702,3606000000,hold,False,,False,False,6.981788732903036,0.745421915693187,0.029948195283822258,0,0.0,0.029948195283822258,True,True,False,True
703,3611000000,hold,False,,False,False,6.843041907070245,0.7555452965763302,0.03418407969192949,0,0.0,0.033644973348860144,True,True,False,True
704,3616000000,hold,False,,False,False,6.633070693045147,0.7658887085230832,0.04637992102209269,0,0.0,0.036969917739214174,True,True,False,True
705,3621000000,hold,False,,False,False,6.353694872515848,0.7689609807081446,0.04131433890635792,0,0.0,0.03374740217410336,True,True,False,True
706,3626000000,hold,False,,False,False,6.023774291399082,0.7588463609800379,0.07102406378992403,0,0.0,0.07102406378992403,True,True,False,True
707,3631000000,hold,False,,False,False,5.67331338988389,0.7319819495584561,0.05122933763655098,0,0.0,0.05122933763655098,True,True,False,True
708,3636000000,hold,False,,False,False,5.340539079237173,0.6868703962967301,0.05943541267726806,0,0.0,0.05035677015972648,True,True,False,True
709,3641000000,hold,False,,False,False,5.1646239096112385,0.609801582208478,0.053498049496938184,0,0.0,0.05142207658669479,True,True,False,True
710,3646000000,hold,False,,False,False,5.063310838392082,0.5380460992945335,0.04555059712942089,0,0.0,0.04555059712942089,True,True,False,True
711,3651000000,hold,False,,False,False,5.019502205255129,0.48421407211880063,0.03959451566553003,0,0.0,0.05092085304695195,True,True,False,True
712,3656000000,hold,False,,False,False,5.031461530168345,0.45467600133602143,0.04874327354965583,0,0.0,0.04948495558145318,True,True,False,True
713,3661000000,hold,False,,False,False,5.093696982186011,0.4526956109344433,0.07956088830034144,0,0.0,0.07956088830034144,True,True,False,True
714,3666000000,release_open,False,,False,False,5.1116573057089365,0.45547180364390116,0.05368471965075249,0,0.0,0.03169005630904714,True,False,False,False
715,3671000000,release_open,False,,False,False,52.153846404985316,0.5539151143117038,0.14698424934657403,0,0.0,0.14698424934657403,True,False,False,False
716,3676000000,release_open,False,,False,False,63.93579388376193,0.5284826743749851,0.20315167618590127,0,0.0,0.20315167618590127,False,False,False,False
717,3681000000,release_open,False,,False,False,66.25787408217235,0.5254398367492691,0.18655038012642777,0,0.0,0.18655038012642777,False,False,False,False
718,3686000000,release_open,False,,False,False,66.70288020944157,0.5234889306783362,0.23018674672473804,0,0.0,0.23018674672473804,False,False,False,False
719,3691000000,release_open,False,,False,False,66.98501013389779,0.5227267987767802,0.20940013422881484,0,0.0,0.20940013422881484,False,False,False,False
720,3696000000,release_open,False,,False,False,67.4131424021621,0.5222557554249507,0.2042780123966432,0,0.0,0.2042780123966432,False,False,False,False
721,3701000000,release_open,False,,False,False,67.74780828049087,0.52274797829601,0.17528291755774608,0,0.0,0.17528291755774608,False,False,False,False
722,3706000000,release_settle,False,,False,False,63.92626642735463,0.5231375611473693,0.1906262574391057,0,0.0,0.1906262574391057,False,False,False,False
723,3711000000,release_settle,False,,False,False,14.709491462314567,0.5440799386007017,0.051369098189445045,0,0.0,0.051369098189445045,False,False,False,False
724,3716000000,release_settle,False,,False,False,4.681384733158348,0.557687455516828,0.031940094928325294,0,0.0,0.031940094928325294,False,False,False,False
725,3721000000,release_settle,False,,False,False,2.451120744083461,0.5722241642915755,0.025564377069326422,0,0.0,0.026930104383779335,False,False,False,False
726,3726000000,release_settle,False,,False,False,2.0033055414127623,0.6276933006764057,0.04097891850566734,0,0.0,0.03463487959475406,False,False,False,False
727,3731000000,release_settle,False,,False,False,1.9079599293768992,0.6689281111671083,0.027829334238967888,0,0.0,0.043424226191719636,False,False,False,False
728,3736000000,release_settle,False,,False,False,1.8787011138525782,0.6803202978160977,0.07692072314776177,0,0.0,0.03175861730494029,False,False,False,False
729,3741000000,release_settle,False,,False,False,1.8666044429366373,0.6830454094944797,0.0578712635528236,0,0.0,0.025232556475349322,False,False,False,False
730,3746000000,release_settle,False,,False,False,1.8664768521195245,0.6834596504853784,0.04047755203632495,0,0.0,0.03981639719322072,False,False,False,False
731,3751000000,release_settle,False,,False,False,1.8659516714166795,0.6836836948530283,0.029810881704525144,0,0.0,0.03834296333414798,False,False,False,False
732,3756000000,release_settle,False,,False,False,1.865481061601927,0.6837337040503718,0.0483959224096043,0,0.0,0.039203694171429423,False,False,False,False
733,3761000000,release_settle,False,,False,False,1.865560127308247,0.6837220890668992,0.02601735042414583,0,0.0,0.043924007783504714,False,False,False,False
734,3766000000,release_settle,False,,False,False,1.865529382454855,0.6837234591461784,0.05697891819576994,0,0.0,0.04087991893189353,False,False,False,False
735,3771000000,release_settle,False,,False,False,1.865481413445624,0.6837208115202948,0.035563537502295,0,0.0,0.035563537502295,False,False,False,False
736,3776000000,release_settle,False,,False,False,1.8654711655606915,0.6837152862414551,0.04582329771105883,0,0.0,0.03112912812478007,False,False,False,False
737,3781000000,release_settle,False,,False,False,1.8654538924510624,0.6837115103535345,0.04315573143140049,0,0.0,0.02227757172744952,False,False,False,False
738,3786000000,release_settle,False,,False,False,1.865434464338577,0.6837080858581762,0.03635687335917417,0,0.0,0.04168296682222527,False,False,False,False
739,3791000000,final,False,,False,False,1.86542251589543,0.6837054560105711,0.03381534516851007,0,0.0,0.015992747640104478,False,False,False,False
740,3796000000,approach,False,,False,False,0.0,0.0,0.0330886074873059,0,0.0,0.0330886074873059,False,False,False,False
741,3801000000,approach,False,,False,False,0.8547166137532618,0.7217049526164344,0.0470133677115935,0,0.0,0.060024048562711894,False,False,False,False
742,3806000000,approach,False,,False,False,1.0875073855988076,0.2579178179711586,0.025947619074589298,0,0.0,0.024909180947556342,False,False,False,False
743,3811000000,approach,False,,False,False,2.682277766280942,0.6323432169960534,0.030247506613593784,0,0.0,0.06034017988151644,False,False,False,False
744,3816000000,approach,False,,False,False,2.8892605053401867,0.6956133629801942,0.06947105332759952,0,0.0,0.04194726382921633,False,False,False,False
745,3821000000,approach,True,current_saturation_injected,False,False,1.450941278425464,0.6515427801534807,4.32,1,0.0,4.32,False,False,False,False
746,3826000000,approach,False,,False,False,1.1125238294943731,0.2693621600431468,0.038721550577432776,0,0.0,0.04910516583986765,False,False,False,False
747,3843000000,approach,False,,False,False,1.3190937851934832,0.2735813902229401,0.055945051674122365,0,0.0,0.055945051674122365,False,False,False,False
748,3848000000,approach,False,,False,False,1.6601075299997863,0.5383507711058108,0.02967183386260822,0,0.0,0.07218902658478944,False,False,False,False
749,3853000000,preshape,False,,False,False,2.927155903527473,0.62979868669859,0.05275659447112242,0,0.0,0.026592268177014704,False,False,False,False
750,3858000000,preshape,False,,False,False,1.617556529594419,0.5148514807645823,0.0343361957979297,0,0.0,0.07100767721110327,False,False,False,False
751,3863000000,preshape,False,,False,False,1.3410453478003483,0.3102569970811143,0.04973140042032455,0,0.0,0.04973140042032455,False,False,False,False
752,3868000000,preshape,False,,False,False,1.4803320490650698,0.38474977008767497,0.037528041219929045,0,0.0,0.05394220821785881,False,False,False,False
753,3873000000,pinch_close,False,,False,False,1.5138198825362559,0.4100774900920963,0.053278811413748565,0,0.0,0.03281031148394824,False,False,False,False
754,3878000000,pinch_close,False,,False,False,51.564353888137724,0.5288124569906043,0.13798839951768407,0,0.0,0.13798839951768407,False,False,False,False
755,3883000000,pinch_close,False,,False,False,62.34172397923752,0.5295700959049316,0.17813149396185593,0,0.0,0.17813149396185593,False,False,False,False
756,3888000000,pinch_close,False,,False,False,64.80925297151838,0.5303518931310683,0.21663869730759489,0,0.0,0.21663869730759489,False,False,False,False
757,3893000000,pinch_close,False,,False,False,65.55212221366739,0.530174765160179,0.2463731939438618,0,0.0,0.2463731939438618,False,False,False,False
758,3898000000,pinch_close,False,,False,False,66.60154501164911,0.5476510518049212,0.20156180841129728,0,0.0,0.20156180841129728,True,False,False,False
759,3903000000,pinch_close,False,,False,False,66.54984241305738,0.5410890717081689,0.17930678392942456,0,0.0,0.17930678392942456,True,False,False,False
760,3908000000,pinch_close,False,,False,False,66.32841311857757,0.532052709652067,0.2118562483639722,0,0.0,0.2118562483639722,False,False,False,False
761,3913000000,contact_gate,False,,False,False,63.93282825162041,0.5157877040332236,0.2053086143903448,0,0.0,0.2053086143903448,True,False,True,False
762,3918000000,contact_gate,True,driver_fault_injected,False,False,48.163234242769704,0.49805387457532263,0.1444122412273616,0,0.0,0.1444122412273616,True,False,True,False
763,3923000000,contact_gate,False,,False,False,36.63527345585454,0.4930122401546364,0.11611119698907547,0,0.0,0.11611119698907547,True,False,True,False
764,3928000000,contact_gate,False,,False,False,28.593247709034117,0.4968218007302693,0.09495217074616324,0,0.0,0.09495217074616324,True,False,True,False
765,3933000000,contact_gate,False,,False,False,22.91905659619224,0.5013343466109779,0.04680079269392622,0,0.0,0.04680079269392622,True,False,True,False
766,3938000000,contact_gate,False,,False,False,18.918361735886144,0.5075071866548964,0.10753827317781067,0,0.0,0.10753827317781067,True,False,True,False
767,3943000000,contact_gate,False,,False,False,16.539938070326237,0.5575909121699963,0.07603442540215619,0,0.0,0.07603442540215619,True,False,True,False
768,3948000000,contact_gate,False,,False,False,14.975172689359054,0.6189550799645328,0.06409129951876866,0,0.0,0.06409129951876866,True,False,True,False
769,3953000000,contact_gate,False,,False,False,13.83071524780696,0.6693957798274839,0.052055165248919566,0,0.0,0.052055165248919566,True,False,True,False
770,3958000000,contact_gate,False,,False,False,12.981331641853195,0.7063062913239521,0.047612526636129054,0,0.0,0.047612526636129054,True,False,True,False
771,3963000000,contact_gate,False,,False,False,12.434242768340482,0.7420580848230637,0.07599016194402342,0,0.0,0.07599016194402342,True,False,True,False
772,3968000000,contact_gate,True,tension_dropout_injected,False,False,0.0,0.0,0.032830370250513455,0,0.0,0.032830370250513455,True,False,True,False
773,3973000000,contact_gate,False,,False,False,12.119804758673165,0.8353518470532042,0.0520163327252967,0,0.0,0.0520163327252967,True,True,False,False
774,3978000000,contact_gate,False,,False,False,12.02063748318113,0.8600061902647848,0.07445352636766783,0,0.0,0.07445352636766783,True,True,False,False
775,3983000000,post_contact_settle,False,,False,False,12.000816979517666,0.8638606195761652,0.050152810259110364,0,0.0,0.050152810259110364,True,True,False,False
777,3993000000,slow_lift,False,,False,True,11.051885472953536,0.9234063102401486,0.05558250307926627,0,0.0,0.05558250307926627,True,False,True,False
778,3998000000,slow_lift,False,,False,True,10.84408129769734,0.9287119291384588,0.07312204672345565,0,0.0,0.09323758406059621,True,False,True,False
779,4003000000,slow_lift,False,,False,True,10.660917023301788,0.9306260687826465,0.11901394470194435,0,0.0,0.11901394470194435,True,False,True,False
780,4008000000,slow_lift,False,,False,True,10.508097935793847,0.9296300964119112,0.05415441822509015,0,0.0,0.05415441822509015,True,False,True,False
781,4013000000,slow_lift,False,,False,True,10.38190876579344,0.9265311919867523,0.03690746601826227,0,0.0,0.0365315532286582,True,False,True,False
782,4018000000,slow_lift,False,,False,True,10.276874049899401,0.9219472855650666,0.05504029864822374,0,0.0,0.05504029864822374,True,False,True,False
783,4023000000,slow_lift,False,,False,True,10.2008500494494,0.9139677352962984,0.03871109474066117,0,0.0,0.053230392819814426,True,False,True,False
784,4028000000,slow_lift,False,,False,True,10.265499724642883,0.8898514578979426,0.05874576342410341,0,0.0,0.05874576342410341,True,False,True,False
785,4033000000,slow_lift,False,,False,False,10.533025937145759,0.857998495766932,0.035459859787454404,0,0.0,0.04151559083068962,True,True,False,False
786,4038000000,slow_lift,False,,False,False,10.85657759522237,0.8425124331039853,0.0567506300289159,0,0.0,0.06257375517250185,True,True,False,False
787,4043000000,slow_lift,False,,False,False,11.16856797448419,0.8433282830997781,0.07767685309809677,0,0.0,0.07767685309809677,True,True,False,False
788,4048000000,slow_lift,False,,False,False,11.446989260102129,0.8543703793119981,0.08045472178081842,0,0.0,0.08045472178081842,True,True,False,False
789,4053000000,slow_lift,False,,False,False,11.671606638826075,0.8721215247914023,0.05952357368118476,0,0.0,0.05952357368118476,True,True,False,False
790,4058000000,slow_lift,False,,False,False,11.826026817937615,0.8939762507492004,0.036278669510213676,0,0.0,0.036278669510213676,True,True,False,False
791,4063000000,slow_lift,False,,False,False,11.8978636136666,0.9179187453147809,0.04547952015406575,0,0.0,0.04547952015406575,True,True,False,False
792,4068000000,slow_lift,False,,False,False,11.878223008230847,0.9423549815865835,0.05669496781865535,0,0.0,0.05059250006879884,True,True,False,False
793,4073000000,slow_lift,False,,False,False,11.763474505651839,0.96432538110656,0.04170326992268841,0,0.0,0.04170326992268841,True,True,False,False
794,4078000000,slow_lift,False,,False,False,11.558825160919348,0.9787796846033593,0.05597310891352267,0,0.0,0.05597310891352267,True,True,False,False
795,4083000000,slow_lift,False,,False,False,11.272981592854872,0.9827823750906425,0.039758528475624805,0,0.0,0.039758528475624805,True,True,False,False
796,4088000000,slow_lift,False,,False,False,10.912269052579575,0.9770551042183747,0.07231075593952346,0,0.0,0.07231075593952346,True,True,False,False
797,4093000000,slow_lift,False,,False,False,10.489621425752425,0.9628523576447714,0.04659147663641461,0,0.0,0.04659147663641461,True,True,False,False
798,4098000000,slow_lift,False,,False,False,10.048710128681428,0.9370675636666917,0.053417081871869866,0,0.0,0.053417081871869866,True,True,False,False
799,4103000000,slow_lift,False,,False,False,9.750708164693137,0.8777599325732242,0.0763215796768327,0,0.0,0.0763215796768327,True,True,False,False
800,4108000000,slow_lift,False,,False,False,9.460945087316341,0.8178279409389502,0.05899341410470463,0,0.0,0.05899341410470463,True,True,False,False
801,4113000000,slow_lift,False,,False,False,9.19164345221057,0.7609885443201742,0.03759284329963572,0,0.0,0.054158313083851564,True,True,False,False
802,4118000000,slow_lift,False,,False,False,8.955179080828987,0.7082731228327266,0.054232520907660425,0,0.0,0.054232520907660425,True,True,False,False
803,4123000000,slow_lift,False,,False,False,8.760670526090816,0.6621463698030416,0.04186726408704039,0,0.0,0.04186726408704039,True,True,False,False
804,4128000000,slow_lift,False,,False,False,8.612193946928025,0.6249027205653462,0.04791730359202372,0,0.0,0.04791730359202372,True,True,False,False
805,4133000000,slow_lift,False,,False,False,8.509691273419698,0.598980118430518,0.05699559033995763,0,0.0,0.03184770546850999,True,True,False,False
806,4138000000,slow_lift,False,,False,False,8.449081102850295,0.5873209062006772,0.0599110803230253,0,0.0,0.03621115189648479,True,True,False,False
807,4143000000,slow_lift,False,,False,False,8.425864923863344,0.5906377893277559,0.05077174190848069,0,0.0,0.029855234736841516,True,True,False,False
808,4148000000,slow_lift,False,,False,False,8.436268276462126,0.6073418549286349,0.03806054730762999,0,0.0,0.0426114653704777,True,True,False,False
809,4153000000,slow_lift,False,,False,False,8.477006932780055,0.6335654163646053,0.06199307555009253,0,0.0,0.030107128558110496,True,True,False,False
810,4158000000,slow_lift,False,,False,False,8.542897746447652,0.6649332592524075,0.05316757432085148,0,0.0,0.05316757432085148,True,True,False,False
811,4163000000,slow_lift,False,,False,False,8.624952221996429,0.6982381824116469,0.07524607763147889,0,0.0,0.07524607763147889,True,True,False,False
812,4168000000,slow_lift,False,,False,False,8.735541928104315,0.728331146830989,0.04874188295202411,0,0.0,0.04874188295202411,True,True,False,False
813,4173000000,slow_lift,False,,False,False,8.917459312065013,0.7461442563985126,0.05266238344566212,0,0.0,0.05266238344566212,True,True,False,False
814,4178000000,slow_lift,False,,False,False,9.073207160114832,0.7639320075911987,0.0626062438144209,0,0.0,0.0626062438144209,True,True,False,False
815,4183000000,slow_lift,False,,False,False,9.196483910179607,0.7814276840542892,0.037149857004860676,0,0.0,0.037149857004860676,True,True,False,False
816,4188000000,slow_lift,False,,False,False,9.282540421818938,0.7981257699115054,0.04933642552767205,0,0.0,0.04933642552767205,True,True,False,False
817,4193000000,slow_lift,False,,False,False,9.327874701671282,0.8132688350018127,0.06721408293834265,0,0.0,0.058008627726155754,True,True,False,False
818,4198000000,slow_lift,False,,False,False,9.330074082177592,0.8256752238525701,0.06354316817735793,0,0.0,0.06354316817735793,True,True,False,False
819,4203000000,slow_lift,False,,False,False,9.288793736968385,0.8334599747422947,0.05606425298219139,0,0.0,0.05606425298219139,True,True,False,False
820,4208000000,slow_lift,False,,False,False,9.205026865819352,0.8355613425064488,0.07228912283042221,0,0.0,0.04061919764761837,True,True,False,False
821,4213000000,slow_lift,False,,False,False,9.078761149223883,0.8320370278402692,0.023061775567200647,0,0.0,0.023960027478661605,True,True,False,False
822,4218000000,slow_lift,False,,False,False,8.913237091621614,0.8235592398987186,0.0446149366590112,0,0.0,0.0446149366590112,True,True,False,False
823,4223000000,slow_lift,False,,False,False,8.715823338267818,0.811246075676375,0.030953938909500402,0,0.0,0.030953938909500402,True,True,False,False
824,4228000000,slow_lift,False,,False,False,8.496539056228432,0.7968860756519105,0.04326322347485552,0,0.0,0.04326322347485552,True,True,False,False
825,4233000000,slow_lift,False,,False,False,8.266415531779671,0.7820192957760657,0.04953590925933882,0,0.0,0.04953590925933882,True,True,False,False
826,4238000000,slow_lift,False,,False,False,8.037283581541027,0.7673775582916067,0.05174728673520264,0,0.0,0.05174728673520264,True,True,False,False
827,4243000000,slow_lift,False,,False,False,7.8208230459545005,0.753106036742646,0.05932446725648467,0,0.0,0.05932446725648467,True,True,False,False
828,4248000000,slow_lift,False,,False,False,7.627266323771044,0.7391297919204496,0.038404708519620426,0,0.0,0.038404708519620426,True,True,False,False
829,4253000000,slow_lift,False,,False,False,7.464370723144553,0.7254634829219949,0.035770145771246944,0,0.0,0.024819811266149867,True,True,False,False
830,4270000000,slow_lift,False,,False,False,7.344781969208162,0.7110712945545259,0.05686346885532012,0,0.0,0.05686346885532012,True,True,False,False
831,4275000000,slow_lift,False,,False,False,7.248240278432672,0.7001434769720167,0.03622721126161635,0,0.0,0.03622721126161635,True,True,False,False
832,4280000000,slow_lift,False,,False,False,7.1920689507363935,0.6903927842510301,0.0456178064926382,0,0.0,0.04689338712604067,True,True,False,False
833,4285000000,slow_lift,False,,False,False,7.17027973755954,0.6834253997181289,0.03461105126793325,0,0.0,0.03353352787817194,True,True,False,False
834,4290000000,slow_lift,False,,False,False,7.175611527449365,0.6803228654607604,0.0520470231126533,0,0.0,0.0520470231126533,True,True,False,False
835,4295000000,slow_lift,False,,False,False,7.201945267077537,0.6811009529028743,0.06091199628069684,0,0.0,0.0489839709345259,True,True,False,False
836,4300000000,slow_lift,False,,False,False,7.242140294725324,0.6852653391969762,0.04130930933108096,0,0.0,0.05866827682537316,True,True,False,False
837,4305000000,slow_lift,False,,False,False,7.28826087908573,0.692007223341684,0.0477092275817088,0,0.0,0.015720801559954412,True,True,False,False
838,4310000000,slow_lift,False,,False,False,7.334266382546624,0.7003847948915535,0.03309058562585339,0,0.0,0.03309058562585339,True,True,False,False
839,4315000000,slow_lift,False,,False,False,7.37733798986478,0.7095372093758411,0.03553561004816981,0,0.0,0.03553561004816981,True,True,False,False
840,4320000000,slow_lift,False,,False,False,7.417094061672514,0.7187999139166213,0.05517233137617514,0,0.0,0.02428854325206354,True,True,False,False
841,4325000000,slow_lift,False,,False,False,7.451359201236613,0.7276184697304322,0.03840895672009698,0,0.0,0.04215189316367502,True,True,False,False
842,4330000000,slow_lift,False,,False,False,7.4774118367905125,0.7355498070502103,0.07273703169955859,0,0.0,0.0464217129276032,True,True,False,False
843,4335000000,slow_lift,False,,False,False,7.492604521688728,0.7422931706645217,0.03933663004793775,0,0.0,0.03933663004793775,True,True,False,False
844,4340000000,slow_lift,True,bus_voltage_sag_injected,False,False,7.428064169307272,0.7482078484486046,0.03580125846994923,0,0.0,0.035939139758676235,True,True,False,False
845,4345000000,slow_lift,False,,False,False,7.3326643109111185,0.7508538728188943,0.04217668432232184,0,0.0,0.04217668432232184,True,True,False,False
846,4350000000,slow_lift,False,,False,False,7.254182954010554,0.7494039102644734,0.02939624632512171,0,0.0,0.020033450414811,True,True,False,False
847,4355000000,slow_lift,False,,False,False,7.164105000715521,0.747263424934522,0.051520767721349434,0,0.0,0.051520767721349434,True,True,False,False
848,4360000000,slow_lift,False,,False,False,7.084254502900247,0.7440190846135158,0.04401959202167995,0,0.0,0.052257550241641595,True,True,False,False
849,4365000000,hold,False,,False,False,7.069238197941415,0.7433436317890009,0.05435419155965514,0,0.0,0.05435419155965514,True,True,False,True
850,4370000000,hold,False,,False,False,6.981788732903036,0.745421915693187,0.029948195283822258,0,0.0,0.029948195283822258,True,True,False,True
851,4375000000,hold,False,,False,False,6.843041907070245,0.7555452965763302,0.03418407969192949,0,0.0,0.033644973348860144,True,True,False,True
852,4380000000,hold,False,,False,False,6.633070693045147,0.7658887085230832,0.04637992102209269,0,0.0,0.036969917739214174,True,True,False,True
853,4385000000,hold,False,,False,False,6.353694872515848,0.7689609807081446,0.04131433890635792,0,0.0,0.03374740217410336,True,True,False,True
854,4390000000,hold,False,,False,False,6.023774291399082,0.7588463609800379,0.07102406378992403,0,0.0,0.07102406378992403,True,True,False,True
855,4395000000,hold,False,,False,False,5.67331338988389,0.7319819495584561,0.05122933763655098,0,0.0,0.05122933763655098,True,True,False,True
856,4400000000,hold,False,,False,False,5.340539079237173,0.6868703962967301,0.05943541267726806,0,0.0,0.05035677015972648,True,True,False,True
857,4405000000,hold,False,,False,False,5.1646239096112385,0.609801582208478,0.053498049496938184,0,0.0,0.05142207658669479,True,True,False,True
858,4410000000,hold,False,,False,False,5.063310838392082,0.5380460992945335,0.04555059712942089,0,0.0,0.04555059712942089,True,True,False,True
859,4415000000,hold,False,,False,False,5.019502205255129,0.48421407211880063,0.03959451566553003,0,0.0,0.05092085304695195,True,True,False,True
860,4420000000,hold,False,,False,False,5.031461530168345,0.45467600133602143,0.04874327354965583,0,0.0,0.04948495558145318,True,True,False,True
861,4425000000,hold,False,,False,False,5.093696982186011,0.4526956109344433,0.07956088830034144,0,0.0,0.07956088830034144,True,True,False,True
862,4430000000,release_open,False,,False,False,5.1116573057089365,0.45547180364390116,0.05368471965075249,0,0.0,0.03169005630904714,True,False,False,False
863,4435000000,release_open,False,,False,False,52.153846404985316,0.5539151143117038,0.14698424934657403,0,0.0,0.14698424934657403,True,False,False,False
864,4440000000,release_open,False,,False,False,63.93579388376193,0.5284826743749851,0.20315167618590127,0,0.0,0.20315167618590127,False,False,False,False
865,4445000000,release_open,True,encoder_freeze_injected,False,False,66.25787408217235,0.5254398367492691,0.18655038012642777,0,0.0,0.18655038012642777,False,False,False,False
866,4450000000,release_open,False,,False,False,66.70288020944157,0.5234889306783362,0.23018674672473804,0,0.0,0.23018674672473804,False,False,False,False
867,4455000000,release_open,False,,False,False,66.98501013389779,0.5227267987767802,0.20940013422881484,0,0.0,0.20940013422881484,False,False,False,False
868,4460000000,release_open,False,,False,False,67.4131424021621,0.5222557554249507,0.2042780123966432,0,0.0,0.2042780123966432,False,False,False,False
869,4465000000,release_open,False,,False,False,67.74780828049087,0.52274797829601,0.17528291755774608,0,0.0,0.17528291755774608,False,False,False,False
870,4470000000,release_settle,False,,False,False,63.92626642735463,0.5231375611473693,0.1906262574391057,0,0.0,0.1906262574391057,False,False,False,False
871,4475000000,release_settle,False,,False,False,14.709491462314567,0.5440799386007017,0.051369098189445045,0,0.0,0.051369098189445045,False,False,False,False
872,4480000000,release_settle,False,,False,False,4.681384733158348,0.557687455516828,0.031940094928325294,0,0.0,0.031940094928325294,False,False,False,False
874,4490000000,release_settle,False,,False,False,2.0033055414127623,0.6276933006764057,0.04097891850566734,0,0.0,0.03463487959475406,False,False,False,False
875,4495000000,release_settle,False,,False,False,1.9079599293768992,0.6689281111671083,0.027829334238967888,0,0.0,0.043424226191719636,False,False,False,False
876,4500000000,release_settle,False,,False,False,1.8787011138525782,0.6803202978160977,0.07692072314776177,0,0.0,0.03175861730494029,False,False,False,False
877,4505000000,release_settle,False,,False,False,1.8666044429366373,0.6830454094944797,0.0578712635528236,0,0.0,0.025232556475349322,False,False,False,False
878,4510000000,release_settle,False,,False,False,1.8664768521195245,0.6834596504853784,0.04047755203632495,0,0.0,0.03981639719322072,False,False,False,False
879,4515000000,release_settle,False,,False,False,1.8659516714166795,0.6836836948530283,0.029810881704525144,0,0.0,0.03834296333414798,False,False,False,False
880,4520000000,release_settle,False,,False,False,1.865481061601927,0.6837337040503718,0.0483959224096043,0,0.0,0.039203694171429423,False,False,False,False
881,4525000000,release_settle,False,,False,False,1.865560127308247,0.6837220890668992,0.02601735042414583,0,0.0,0.043924007783504714,False,False,False,False
882,4530000000,release_settle,False,,False,False,1.865529382454855,0.6837234591461784,0.05697891819576994,0,0.0,0.04087991893189353,False,False,False,False
883,4535000000,release_settle,False,,False,False,1.865481413445624,0.6837208115202948,0.035563537502295,0,0.0,0.035563537502295,False,False,False,False
884,4540000000,release_settle,False,,False,False,1.8654711655606915,0.6837152862414551,0.04582329771105883,0,0.0,0.03112912812478007,False,False,False,False
885,4545000000,release_settle,False,,False,False,1.8654538924510624,0.6837115103535345,0.04315573143140049,0,0.0,0.02227757172744952,False,False,False,False
886,4550000000,release_settle,False,,False,False,1.865434464338577,0.6837080858581762,0.03635687335917417,0,0.0,0.04168296682222527,False,False,False,False
887,4555000000,final,False,,False,False,1.86542251589543,0.6837054560105711,0.03381534516851007,0,0.0,0.015992747640104478,False,False,False,False
888,4560000000,approach,False,,False,False,0.0,0.0,0.0330886074873059,0,0.0,0.0330886074873059,False,False,False,False
889,4565000000,approach,True,driver_fault_injected,False,False,0.8547166137532618,0.7217049526164344,0.0470133677115935,0,0.0,0.060024048562711894,False,False,False,False
890,4570000000,approach,False,,False,False,1.0875073855988076,0.2579178179711586,0.025947619074589298,0,0.0,0.024909180947556342,False,False,False,False
891,4575000000,approach,False,,False,False,2.682277766280942,0.6323432169960534,0.030247506613593784,0,0.0,0.06034017988151644,False,False,False,False
892,4580000000,approach,False,,False,False,2.8892605053401867,0.6956133629801942,0.06947105332759952,0,0.0,0.04194726382921633,False,False,False,False
893,4585000000,approach,False,,False,False,1.450941278425464,0.6515427801534807,0.016522496690474082,0,0.0,0.022293979956236692,False,False,False,False
894,4590000000,approach,True,current_saturation_injected,False,False,1.1125238294943731,0.2693621600431468,4.32,1,0.0,4.32,False,False,False,False
895,4595000000,approach,False,,False,False,1.3190937851934832,0.2735813902229401,0.055945051674122365,0,0.0,0.055945051674122365,False,False,False,False
896,4600000000,approach,False,,False,False,1.6601075299997863,0.5383507711058108,0.02967183386260822,0,0.0,0.07218902658478944,False,False,False,False
897,4605000000,preshape,False,,False,False,2.927155903527473,0.62979868669859,0.05275659447112242,0,0.0,0.026592268177014704,False,False,False,False
898,4610000000,preshape,False,,False,False,1.617556529594419,0.5148514807645823,0.0343361957979297,0,0.0,0.07100767721110327,False,False,False,False
899,4615000000,preshape,False,,False,False,1.3410453478003483,0.3102569970811143,0.04973140042032455,0,0.0,0.04973140042032455,False,False,False,False
900,4620000000,preshape,False,,False,False,1.4803320490650698,0.38474977008767497,0.037528041219929045,0,0.0,0.05394220821785881,False,False,False,False
901,4625000000,pinch_close,False,,False,False,1.5138198825362559,0.4100774900920963,0.053278811413748565,0,0.0,0.03281031148394824,False,False,False,False
902,4630000000,pinch_close,False,,False,False,51.564353888137724,0.5288124569906043,0.13798839951768407,0,0.0,0.13798839951768407,False,False,False,False
903,4635000000,pinch_close,False,,False,False,62.34172397923752,0.5295700959049316,0.17813149396185593,0,0.0,0.17813149396185593,False,False,False,False
904,4640000000,pinch_close,False,,False,False,64.80925297151838,0.5303518931310683,0.21663869730759489,0,0.0,0.21663869730759489,False,False,False,False
905,4645000000,pinch_close,False,,False,False,65.55212221366739,0.530174765160179,0.2463731939438618,0,0.0,0.2463731939438618,False,False,False,False
906,4650000000,pinch_close,False,,False,False,66.60154501164911,0.5476510518049212,0.20156180841129728,0,0.0,0.20156180841129728,True,False,False,False
907,4655000000,pinch_close,False,,False,False,66.54984241305738,0.5410890717081689,0.17930678392942456,0,0.0,0.17930678392942456,True,False,False,False
908,4660000000,pinch_close,False,,False,False,66.32841311857757,0.532052709652067,0.2118562483639722,0,0.0,0.2118562483639722,False,False,False,False
909,4665000000,contact_gate,False,,False,False,63.93282825162041,0.5157877040332236,0.2053086143903448,0,0.0,0.2053086143903448,True,False,True,False
910,4670000000,contact_gate,False,,False,False,48.163234242769704,0.49805387457532263,0.1444122412273616,0,0.0,0.1444122412273616,True,False,True,False
911,4675000000,contact_gate,False,,False,False,36.63527345585454,0.4930122401546364,0.11611119698907547,0,0.0,0.11611119698907547,True,False,True,False
912,4680000000,contact_gate,False,,False,False,28.593247709034117,0.4968218007302693,0.09495217074616324,0,0.0,0.09495217074616324,True,False,True,False
913,4697000000,contact_gate,False,,False,False,22.91905659619224,0.5013343466109779,0.04680079269392622,0,0.0,0.04680079269392622,True,False,True,False
914,4702000000,contact_gate,False,,False,False,18.918361735886144,0.5075071866548964,0.10753827317781067,0,0.0,0.10753827317781067,True,False,True,False
915,4707000000,contact_gate,False,,False,False,16.539938070326237,0.5575909121699963,0.07603442540215619,0,0.0,0.07603442540215619,True,False,True,False
916,4712000000,contact_gate,False,,False,False,14.975172689359054,0.6189550799645328,0.06409129951876866,0,0.0,0.06409129951876866,True,False,True,False
917,4717000000,contact_gate,False,,False,False,13.83071524780696,0.6693957798274839,0.052055165248919566,0,0.0,0.052055165248919566,True,False,True,False
918,4722000000,contact_gate,False,,False,False,12.981331641853195,0.7063062913239521,0.047612526636129054,0,0.0,0.047612526636129054,True,False,True,False
919,4727000000,contact_gate,False,,False,False,12.434242768340482,0.7420580848230637,0.07599016194402342,0,0.0,0.07599016194402342,True,False,True,False
920,4732000000,contact_gate,False,,False,False,12.244333813164825,0.7978953852838645,0.032830370250513455,0,0.0,0.032830370250513455,True,False,True,False
921,4737000000,contact_gate,False,,False,False,12.119804758673165,0.8353518470532042,0.0520163327252967,0,0.0,0.0520163327252967,True,True,False,False
922,4742000000,contact_gate,False,,False,False,12.02063748318113,0.8600061902647848,0.07445352636766783,0,0.0,0.07445352636766783,True,True,False,False
923,4747000000,post_contact_settle,False,,False,False,12.000816979517666,0.8638606195761652,0.050152810259110364,0,0.0,0.050152810259110364,True,True,False,False
924,4752000000,post_contact_settle,False,,False,False,11.547945387668765,0.9025478980990974,0.03690110512850192,0,0.0,0.03690110512850192,True,True,False,False
925,4757000000,slow_lift,False,,False,True,11.051885472953536,0.9234063102401486,0.05558250307926627,0,0.0,0.05558250307926627,True,False,True,False
926,4762000000,slow_lift,False,,False,True,10.84408129769734,0.9287119291384588,0.07312204672345565,0,0.0,0.09323758406059621,True,False,True,False
927,4767000000,slow_lift,False,,False,True,10.660917023301788,0.9306260687826465,0.11901394470194435,0,0.0,0.11901394470194435,True,False,True,False
928,4772000000,slow_lift,False,,False,True,10.508097935793847,0.9296300964119112,0.05415441822509015,0,0.0,0.05415441822509015,True,False,True,False
929,4777000000,slow_lift,False,,False,True,10.38190876579344,0.9265311919867523,0.03690746601826227,0,0.0,0.0365315532286582,True,False,True,False
930,4782000000,slow_lift,False,,False,True,10.276874049899401,0.9219472855650666,0.05504029864822374,0,0.0,0.05504029864822374,True,False,True,False
931,4787000000,slow_lift,False,,False,True,10.2008500494494,0.9139677352962984,0.03871109474066117,0,0.0,0.053230392819814426,True,False,True,False
932,4792000000,slow_lift,False,,False,True,10.265499724642883,0.8898514578979426,0.05874576342410341,0,0.0,0.05874576342410341,True,False,True,False
933,4797000000,slow_lift,False,,False,False,10.533025937145759,0.857998495766932,0.035459859787454404,0,0.0,0.04151559083068962,True,True,False,False
934,4802000000,slow_lift,False,,False,False,10.85657759522237,0.8425124331039853,0.0567506300289159,0,0.0,0.06257375517250185,True,True,False,False
935,4807000000,slow_lift,False,,False,False,11.16856797448419,0.8433282830997781,0.07767685309809677,0,0.0,0.07767685309809677,True,True,False,False
936,4812000000,slow_lift,False,,False,False,11.446989260102129,0.8543703793119981,0.08045472178081842,0,0.0,0.08045472178081842,True,True,False,False
937,4817000000,slow_lift,False,,False,False,11.671606638826075,0.8721215247914023,0.05952357368118476,0,0.0,0.05952357368118476,True,True,False,False
938,4822000000,slow_lift,False,,False,False,11.826026817937615,0.8939762507492004,0.036278669510213676,0,0.0,0.036278669510213676,True,True,False,False
939,4827000000,slow_lift,False,,False,False,11.8978636136666,0.9179187453147809,0.04547952015406575,0,0.0,0.04547952015406575,True,True,False,False
940,4832000000,slow_lift,False,,False,False,11.878223008230847,0.9423549815865835,0.05669496781865535,0,0.0,0.05059250006879884,True,True,False,False
941,4837000000,slow_lift,False,,False,False,11.763474505651839,0.96432538110656,0.04170326992268841,0,0.0,0.04170326992268841,True,True,False,False
942,4842000000,slow_lift,False,,False,False,11.558825160919348,0.9787796846033593,0.05597310891352267,0,0.0,0.05597310891352267,True,True,False,False
943,4847000000,slow_lift,False,,False,False,11.272981592854872,0.9827823750906425,0.039758528475624805,0,0.0,0.039758528475624805,True,True,False,False
944,4852000000,slow_lift,False,,False,False,10.912269052579575,0.9770551042183747,0.07231075593952346,0,0.0,0.07231075593952346,True,True,False,False
945,4857000000,slow_lift,False,,False,False,10.489621425752425,0.9628523576447714,0.04659147663641461,0,0.0,0.04659147663641461,True,True,False,False
946,4862000000,slow_lift,False,,False,False,10.048710128681428,0.9370675636666917,0.053417081871869866,0,0.0,0.053417081871869866,True,True,False,False
947,4867000000,slow_lift,False,,False,False,9.750708164693137,0.8777599325732242,0.0763215796768327,0,0.0,0.0763215796768327,True,True,False,False
948,4872000000,slow_lift,False,,False,False,9.460945087316341,0.8178279409389502,0.05899341410470463,0,0.0,0.05899341410470463,True,True,False,False
949,4877000000,slow_lift,False,,False,False,9.19164345221057,0.7609885443201742,0.03759284329963572,0,0.0,0.054158313083851564,True,True,False,False
950,4882000000,slow_lift,False,,False,False,8.955179080828987,0.7082731228327266,0.054232520907660425,0,0.0,0.054232520907660425,True,True,False,False
951,4887000000,slow_lift,False,,False,False,8.760670526090816,0.6621463698030416,0.04186726408704039,0,0.0,0.04186726408704039,True,True,False,False
952,4892000000,slow_lift,False,,False,False,8.612193946928025,0.6249027205653462,0.04791730359202372,0,0.0,0.04791730359202372,True,True,False,False
953,4897000000,slow_lift,False,,False,False,8.509691273419698,0.598980118430518,0.05699559033995763,0,0.0,0.03184770546850999,True,True,False,False
954,4902000000,slow_lift,False,,False,False,8.449081102850295,0.5873209062006772,0.0599110803230253,0,0.0,0.03621115189648479,True,True,False,False
955,4907000000,slow_lift,False,,False,False,8.425864923863344,0.5906377893277559,0.05077174190848069,0,0.0,0.029855234736841516,True,True,False,False
956,4912000000,slow_lift,False,,False,False,8.436268276462126,0.6073418549286349,0.03806054730762999,0,0.0,0.0426114653704777,True,True,False,False
957,4917000000,slow_lift,False,,False,False,8.477006932780055,0.6335654163646053,0.06199307555009253,0,0.0,0.030107128558110496,True,True,False,False
958,4922000000,slow_lift,False,,False,False,8.542897746447652,0.6649332592524075,0.05316757432085148,0,0.0,0.05316757432085148,True,True,False,False
959,4927000000,slow_lift,False,,False,False,8.624952221996429,0.6982381824116469,0.07524607763147889,0,0.0,0.07524607763147889,True,True,False,False
960,4932000000,slow_lift,False,,False,False,8.735541928104315,0.728331146830989,0.04874188295202411,0,0.0,0.04874188295202411,True,True,False,False
961,4937000000,slow_lift,False,,False,False,8.917459312065013,0.7461442563985126,0.05266238344566212,0,0.0,0.05266238344566212,True,True,False,False
962,4942000000,slow_lift,False,,False,False,9.073207160114832,0.7639320075911987,0.0626062438144209,0,0.0,0.0626062438144209,True,True,False,False
963,4947000000,slow_lift,False,,False,False,9.196483910179607,0.7814276840542892,0.037149857004860676,0,0.0,0.037149857004860676,True,True,False,False
964,4952000000,slow_lift,False,,False,False,9.282540421818938,0.7981257699115054,0.04933642552767205,0,0.0,0.04933642552767205,True,True,False,False
965,4957000000,slow_lift,True,tension_dropout_injected,False,False,0.0,0.0,0.06721408293834265,0,0.0,0.058008627726155754,True,True,True,False
966,4962000000,slow_lift,False,,False,False,9.330074082177592,0.8256752238525701,0.06354316817735793,0,0.0,0.06354316817735793,True,True,False,False
967,4967000000,slow_lift,False,,False,False,9.288793736968385,0.8334599747422947,0.05606425298219139,0,0.0,0.05606425298219139,True,True,False,False
968,4972000000,slow_lift,False,,False,False,9.205026865819352,0.8355613425064488,0.07228912283042221,0,0.0,0.04061919764761837,True,True,False,False
969,4977000000,slow_lift,False,,False,False,9.078761149223883,0.8320370278402692,0.023061775567200647,0,0.0,0.023960027478661605,True,True,False,False
971,4987000000,slow_lift,False,,False,False,8.715823338267818,0.811246075676375,0.030953938909500402,0,0.0,0.030953938909500402,True,True,False,False
972,4992000000,slow_lift,False,,False,False,8.496539056228432,0.7968860756519105,0.04326322347485552,0,0.0,0.04326322347485552,True,True,False,False
973,4997000000,slow_lift,False,,False,False,8.266415531779671,0.7820192957760657,0.04953590925933882,0,0.0,0.04953590925933882,True,True,False,False
974,5002000000,slow_lift,False,,False,False,8.037283581541027,0.7673775582916067,0.05174728673520264,0,0.0,0.05174728673520264,True,True,False,False
975,5007000000,slow_lift,False,,False,False,7.8208230459545005,0.753106036742646,0.05932446725648467,0,0.0,0.05932446725648467,True,True,False,False
976,5012000000,slow_lift,False,,False,False,7.627266323771044,0.7391297919204496,0.038404708519620426,0,0.0,0.038404708519620426,True,True,False,False
977,5017000000,slow_lift,False,,False,False,7.464370723144553,0.7254634829219949,0.035770145771246944,0,0.0,0.024819811266149867,True,True,False,False
978,5022000000,slow_lift,False,,False,False,7.344781969208162,0.7110712945545259,0.05686346885532012,0,0.0,0.05686346885532012,True,True,False,False
979,5027000000,slow_lift,False,,False,False,7.248240278432672,0.7001434769720167,0.03622721126161635,0,0.0,0.03622721126161635,True,True,False,False
980,5032000000,slow_lift,False,,False,False,7.1920689507363935,0.6903927842510301,0.0456178064926382,0,0.0,0.04689338712604067,True,True,False,False
981,5037000000,slow_lift,False,,False,False,7.17027973755954,0.6834253997181289,0.03461105126793325,0,0.0,0.03353352787817194,True,True,False,False
982,5042000000,slow_lift,False,,False,False,7.175611527449365,0.6803228654607604,0.0520470231126533,0,0.0,0.0520470231126533,True,True,False,False
983,5047000000,slow_lift,False,,False,False,7.201945267077537,0.6811009529028743,0.06091199628069684,0,0.0,0.0489839709345259,True,True,False,False
984,5052000000,slow_lift,False,,False,False,7.242140294725324,0.6852653391969762,0.04130930933108096,0,0.0,0.05866827682537316,True,True,False,False
985,5057000000,slow_lift,False,,False,False,7.28826087908573,0.692007223341684,0.0477092275817088,0,0.0,0.015720801559954412,True,True,False,False
986,5062000000,slow_lift,False,,False,False,7.334266382546624,0.7003847948915535,0.03309058562585339,0,0.0,0.03309058562585339,True,True,False,False
987,5067000000,slow_lift,False,,False,False,7.37733798986478,0.7095372093758411,0.03553561004816981,0,0.0,0.03553561004816981,True,True,False,False
988,5072000000,slow_lift,False,,False,False,7.417094061672514,0.7187999139166213,0.05517233137617514,0,0.0,0.02428854325206354,True,True,False,False
989,5077000000,slow_lift,False,,False,False,7.451359201236613,0.7276184697304322,0.03840895672009698,0,0.0,0.04215189316367502,True,True,False,False
990,5082000000,slow_lift,False,,False,False,7.4774118367905125,0.7355498070502103,0.07273703169955859,0,0.0,0.0464217129276032,True,True,False,False
991,5087000000,slow_lift,False,,False,False,7.492604521688728,0.7422931706645217,0.03933663004793775,0,0.0,0.03933663004793775,True,True,False,False
992,5092000000,slow_lift,False,,False,False,7.428064169307272,0.7482078484486046,0.03580125846994923,0,0.0,0.035939139758676235,True,True,False,False
993,5097000000,slow_lift,False,,False,False,7.3326643109111185,0.7508538728188943,0.04217668432232184,0,0.0,0.04217668432232184,True,True,False,False
994,5102000000,slow_lift,False,,False,False,7.254182954010554,0.7494039102644734,0.02939624632512171,0,0.0,0.020033450414811,True,True,False,False
995,5107000000,slow_lift,False,,False,False,7.164105000715521,0.747263424934522,0.051520767721349434,0,0.0,0.051520767721349434,True,True,False,False
996,5124000000,slow_lift,False,,False,False,7.084254502900247,0.7440190846135158,0.04401959202167995,0,0.0,0.052257550241641595,True,True,False,False
997,5129000000,hold,False,,False,False,7.069238197941415,0.7433436317890009,0.05435419155965514,0,0.0,0.05435419155965514,True,True,False,True
998,5134000000,hold,False,,False,False,6.981788732903036,0.745421915693187,0.029948195283822258,0,0.0,0.029948195283822258,True,True,False,True
999,5139000000,hold,False,,False,False,6.843041907070245,0.7555452965763302,0.03418407969192949,0,0.0,0.033644973348860144,True,True,False,True
1000,5144000000,hold,True,e_stop_injected,True,True,6.633070693045147,0.7658887085230832,0.04637992102209269,0,0.0,0.036969917739214174,True,True,False,True
1001,5149000000,hold,False,,False,False,6.353694872515848,0.7689609807081446,0.04131433890635792,0,0.0,0.03374740217410336,True,True,False,True
1002,5154000000,hold,False,,False,False,6.023774291399082,0.7588463609800379,0.07102406378992403,0,0.0,0.07102406378992403,True,True,False,True
1003,5159000000,hold,False,,False,False,5.67331338988389,0.7319819495584561,0.05122933763655098,0,0.0,0.05122933763655098,True,True,False,True
1004,5164000000,hold,False,,False,False,5.340539079237173,0.6868703962967301,0.05943541267726806,0,0.0,0.05035677015972648,True,True,False,True
1005,5169000000,hold,False,,False,False,5.1646239096112385,0.609801582208478,0.053498049496938184,0,0.0,0.05142207658669479,True,True,False,True
1006,5174000000,hold,False,,False,False,5.063310838392082,0.5380460992945335,0.04555059712942089,0,0.0,0.04555059712942089,True,True,False,True
1007,5179000000,hold,False,,False,False,5.019502205255129,0.48421407211880063,0.03959451566553003,0,0.0,0.05092085304695195,True,True,False,True
1008,5184000000,hold,False,,False,False,5.031461530168345,0.45467600133602143,0.04874327354965583,0,0.0,0.04948495558145318,True,True,False,True
1009,5189000000,hold,False,,False,False,5.093696982186011,0.4526956109344433,0.07956088830034144,0,0.0,0.07956088830034144,True,True,False,True
1010,5194000000,release_open,False,,False,False,5.1116573057089365,0.45547180364390116,0.05368471965075249,0,0.0,0.03169005630904714,True,False,False,False
1011,5199000000,release_open,False,,False,False,52.153846404985316,0.5539151143117038,0.14698424934657403,0,0.0,0.14698424934657403,True,False,False,False
1012,5204000000,release_open,False,,False,False,63.93579388376193,0.5284826743749851,0.20315167618590127,0,0.0,0.20315167618590127,False,False,False,False
1013,5209000000,release_open,False,,False,False,66.25787408217235,0.5254398367492691,0.18655038012642777,0,0.0,0.18655038012642777,False,False,False,False
1014,5214000000,release_open,False,,False,False,66.70288020944157,0.5234889306783362,0.23018674672473804,0,0.0,0.23018674672473804,False,False,False,False
1015,5219000000,release_open,False,,False,False,66.98501013389779,0.5227267987767802,0.20940013422881484,0,0.0,0.20940013422881484,False,False,False,False
1016,5224000000,release_open,True,driver_fault_injected,False,False,67.4131424021621,0.5222557554249507,0.2042780123966432,0,0.0,0.2042780123966432,False,False,False,False
1017,5229000000,release_open,False,,False,False,67.74780828049087,0.52274797829601,0.17528291755774608,0,0.0,0.17528291755774608,False,False,False,False
1018,5234000000,release_settle,False,,False,False,63.92626642735463,0.5231375611473693,0.1906262574391057,0,0.0,0.1906262574391057,False,False,False,False
1019,5239000000,release_settle,False,,False,False,14.709491462314567,0.5440799386007017,0.051369098189445045,0,0.0,0.051369098189445045,False,False,False,False
1020,5244000000,release_settle,False,,False,False,4.681384733158348,0.557687455516828,0.031940094928325294,0,0.0,0.031940094928325294,False,False,False,False
1021,5249000000,release_settle,False,,False,False,2.451120744083461,0.5722241642915755,0.025564377069326422,0,0.0,0.026930104383779335,False,False,False,False
1022,5254000000,release_settle,False,,False,False,2.0033055414127623,0.6276933006764057,0.04097891850566734,0,0.0,0.03463487959475406,False,False,False,False
1023,5259000000,release_settle,False,,False,False,1.9079599293768992,0.6689281111671083,0.027829334238967888,0,0.0,0.043424226191719636,False,False,False,False
1024,5264000000,release_settle,False,,False,False,1.8787011138525782,0.6803202978160977,0.07692072314776177,0,0.0,0.03175861730494029,False,False,False,False
1025,5269000000,release_settle,False,,False,False,1.8666044429366373,0.6830454094944797,0.0578712635528236,0,0.0,0.025232556475349322,False,False,False,False
1026,5274000000,release_settle,False,,False,False,1.8664768521195245,0.6834596504853784,0.04047755203632495,0,0.0,0.03981639719322072,False,False,False,False
1027,5279000000,release_settle,False,,False,False,1.8659516714166795,0.6836836948530283,0.029810881704525144,0,0.0,0.03834296333414798,False,False,False,False
1028,5284000000,release_settle,False,,False,False,1.865481061601927,0.6837337040503718,0.0483959224096043,0,0.0,0.039203694171429423,False,False,False,False
1029,5289000000,release_settle,False,,False,False,1.865560127308247,0.6837220890668992,0.02601735042414583,0,0.0,0.043924007783504714,False,False,False,False
1030,5294000000,release_settle,False,,False,False,1.865529382454855,0.6837234591461784,0.05697891819576994,0,0.0,0.04087991893189353,False,False,False,False
1031,5299000000,release_settle,False,,False,False,1.865481413445624,0.6837208115202948,0.035563537502295,0,0.0,0.035563537502295,False,False,False,False
1032,5304000000,release_settle,False,,False,False,1.8654711655606915,0.6837152862414551,0.04582329771105883,0,0.0,0.03112912812478007,False,False,False,False
1033,5309000000,release_settle,False,,False,False,1.8654538924510624,0.6837115103535345,0.04315573143140049,0,0.0,0.02227757172744952,False,False,False,False
1034,5314000000,release_settle,False,,False,False,1.865434464338577,0.6837080858581762,0.03635687335917417,0,0.0,0.04168296682222527,False,False,False,False
1035,5319000000,final,False,,False,False,1.86542251589543,0.6837054560105711,0.03381534516851007,0,0.0,0.015992747640104478,False,False,False,False
1036,5324000000,approach,False,,False,False,0.0,0.0,0.0330886074873059,0,0.0,0.0330886074873059,False,False,False,False
1037,5329000000,approach,False,,False,False,0.8547166137532618,0.7217049526164344,0.0470133677115935,0,0.0,0.060024048562711894,False,False,False,False
1038,5334000000,approach,True,encoder_freeze_injected,False,False,1.0875073855988076,0.2579178179711586,0.025947619074589298,0,0.0,0.024909180947556342,False,False,False,False
1039,5339000000,approach,False,,False,False,2.682277766280942,0.6323432169960534,0.030247506613593784,0,0.0,0.06034017988151644,False,False,False,False
1040,5344000000,approach,False,,False,False,2.8892605053401867,0.6956133629801942,0.06947105332759952,0,0.0,0.04194726382921633,False,False,False,False
1041,5349000000,approach,False,,False,False,1.450941278425464,0.6515427801534807,0.016522496690474082,0,0.0,0.022293979956236692,False,False,False,False
1042,5354000000,approach,False,,False,False,1.1125238294943731,0.2693621600431468,0.038721550577432776,0,0.0,0.04910516583986765,False,False,False,False
1043,5359000000,approach,True,current_saturation_injected,False,False,1.3190937851934832,0.2735813902229401,4.32,1,0.0,4.32,False,False,False,False
1044,5364000000,approach,False,,False,False,1.6601075299997863,0.5383507711058108,0.02967183386260822,0,0.0,0.07218902658478944,False,False,False,False
1045,5369000000,preshape,False,,False,False,2.927155903527473,0.62979868669859,0.05275659447112242,0,0.0,0.026592268177014704,False,False,False,False
1046,5374000000,preshape,False,,False,False,1.617556529594419,0.5148514807645823,0.0343361957979297,0,0.0,0.07100767721110327,False,False,False,False
1047,5379000000,preshape,False,,False,False,1.3410453478003483,0.3102569970811143,0.04973140042032455,0,0.0,0.04973140042032455,False,False,False,False
1048,5384000000,preshape,False,,False,False,1.4803320490650698,0.38474977008767497,0.037528041219929045,0,0.0,0.05394220821785881,False,False,False,False
1049,5389000000,pinch_close,False,,False,False,1.5138198825362559,0.4100774900920963,0.053278811413748565,0,0.0,0.03281031148394824,False,False,False,False
1050,5394000000,pinch_close,False,,False,False,51.564353888137724,0.5288124569906043,0.13798839951768407,0,0.0,0.13798839951768407,False,False,False,False
1051,5399000000,pinch_close,False,,False,False,62.34172397923752,0.5295700959049316,0.17813149396185593,0,0.0,0.17813149396185593,False,False,False,False
1052,5404000000,pinch_close,False,,False,False,64.80925297151838,0.5303518931310683,0.21663869730759489,0,0.0,0.21663869730759489,False,False,False,False
1053,5409000000,pinch_close,False,,False,False,65.55212221366739,0.530174765160179,0.2463731939438618,0,0.0,0.2463731939438618,False,False,False,False
1054,5414000000,pinch_close,False,,False,False,66.60154501164911,0.5476510518049212,0.20156180841129728,0,0.0,0.20156180841129728,True,False,False,False
1055,5419000000,pinch_close,True,bus_voltage_sag_injected,False,False,66.54984241305738,0.5410890717081689,0.17930678392942456,0,0.0,0.17930678392942456,True,False,False,False
1056,5424000000,pinch_close,False,,False,False,66.32841311857757,0.532052709652067,0.2118562483639722,0,0.0,0.2118562483639722,False,False,False,False
1057,5429000000,contact_gate,False,,False,False,63.93282825162041,0.5157877040332236,0.2053086143903448,0,0.0,0.2053086143903448,True,False,True,False
1058,5434000000,contact_gate,False,,False,False,48.163234242769704,0.49805387457532263,0.1444122412273616,0,0.0,0.1444122412273616,True,False,True,False
1059,5439000000,contact_gate,False,,False,False,36.63527345585454,0.4930122401546364,0.11611119698907547,0,0.0,0.11611119698907547,True,False,True,False
1060,5444000000,contact_gate,False,,False,False,28.593247709034117,0.4968218007302693,0.09495217074616324,0,0.0,0.09495217074616324,True,False,True,False
1061,5449000000,contact_gate,False,,False,False,22.91905659619224,0.5013343466109779,0.04680079269392622,0,0.0,0.04680079269392622,True,False,True,False
1062,5454000000,contact_gate,False,,False,False,18.918361735886144,0.5075071866548964,0.10753827317781067,0,0.0,0.10753827317781067,True,False,True,False
1063,5459000000,contact_gate,False,,False,False,16.539938070326237,0.5575909121699963,0.07603442540215619,0,0.0,0.07603442540215619,True,False,True,False
1064,5464000000,contact_gate,False,,False,False,14.975172689359054,0.6189550799645328,0.06409129951876866,0,0.0,0.06409129951876866,True,False,True,False
1065,5469000000,contact_gate,False,,False,False,13.83071524780696,0.6693957798274839,0.052055165248919566,0,0.0,0.052055165248919566,True,False,True,False
1066,5474000000,contact_gate,False,,False,False,12.981331641853195,0.7063062913239521,0.047612526636129054,0,0.0,0.047612526636129054,True,False,True,False
1068,5484000000,contact_gate,False,,False,False,12.244333813164825,0.7978953852838645,0.032830370250513455,0,0.0,0.032830370250513455,True,False,True,False
1069,5489000000,contact_gate,False,,False,False,12.119804758673165,0.8353518470532042,0.0520163327252967,0,0.0,0.0520163327252967,True,True,False,False
1070,5494000000,contact_gate,False,,False,False,12.02063748318113,0.8600061902647848,0.07445352636766783,0,0.0,0.07445352636766783,True,True,False,False
1071,5499000000,post_contact_settle,False,,False,False,12.000816979517666,0.8638606195761652,0.050152810259110364,0,0.0,0.050152810259110364,True,True,False,False
1072,5504000000,post_contact_settle,False,,False,False,11.547945387668765,0.9025478980990974,0.03690110512850192,0,0.0,0.03690110512850192,True,True,False,False
1073,5509000000,slow_lift,False,,False,True,11.051885472953536,0.9234063102401486,0.05558250307926627,0,0.0,0.05558250307926627,True,False,True,False
1074,5514000000,slow_lift,False,,False,True,10.84408129769734,0.9287119291384588,0.07312204672345565,0,0.0,0.09323758406059621,True,False,True,False
1075,5519000000,slow_lift,False,,False,True,10.660917023301788,0.9306260687826465,0.11901394470194435,0,0.0,0.11901394470194435,True,False,True,False
1076,5524000000,slow_lift,False,,False,True,10.508097935793847,0.9296300964119112,0.05415441822509015,0,0.0,0.05415441822509015,True,False,True,False
1077,5529000000,slow_lift,False,,False,True,10.38190876579344,0.9265311919867523,0.03690746601826227,0,0.0,0.0365315532286582,True,False,True,False
1078,5534000000,slow_lift,False,,False,True,10.276874049899401,0.9219472855650666,0.05504029864822374,0,0.0,0.05504029864822374,True,False,True,False
1079,5551000000,slow_lift,False,,False,True,10.2008500494494,0.9139677352962984,0.03871109474066117,0,0.0,0.053230392819814426,True,False,True,False
1080,5556000000,slow_lift,False,,False,True,10.265499724642883,0.8898514578979426,0.05874576342410341,0,0.0,0.05874576342410341,True,False,True,False
1081,5561000000,slow_lift,False,,False,False,10.533025937145759,0.857998495766932,0.035459859787454404,0,0.0,0.04151559083068962,True,True,False,False
1082,5566000000,slow_lift,False,,False,False,10.85657759522237,0.8425124331039853,0.0567506300289159,0,0.0,0.06257375517250185,True,True,False,False
1083,5571000000,slow_lift,False,,False,False,11.16856797448419,0.8433282830997781,0.07767685309809677,0,0.0,0.07767685309809677,True,True,False,False
1084,5576000000,slow_lift,False,,False,False,11.446989260102129,0.8543703793119981,0.08045472178081842,0,0.0,0.08045472178081842,True,True,False,False
1085,5581000000,slow_lift,False,,False,False,11.671606638826075,0.8721215247914023,0.05952357368118476,0,0.0,0.05952357368118476,True,True,False,False
1086,5586000000,slow_lift,False,,False,False,11.826026817937615,0.8939762507492004,0.036278669510213676,0,0.0,0.036278669510213676,True,True,False,False
1087,5591000000,slow_lift,False,,False,False,11.8978636136666,0.9179187453147809,0.04547952015406575,0,0.0,0.04547952015406575,True,True,False,False
1088,5596000000,slow_lift,False,,False,False,11.878223008230847,0.9423549815865835,0.05669496781865535,0,0.0,0.05059250006879884,True,True,False,False
1089,5601000000,slow_lift,False,,False,False,11.763474505651839,0.96432538110656,0.04170326992268841,0,0.0,0.04170326992268841,True,True,False,False
1090,5606000000,slow_lift,False,,False,False,11.558825160919348,0.9787796846033593,0.05597310891352267,0,0.0,0.05597310891352267,True,True,False,False
1091,5611000000,slow_lift,False,,False,False,11.272981592854872,0.9827823750906425,0.039758528475624805,0,0.0,0.039758528475624805,True,True,False,False
1092,5616000000,slow_lift,False,,False,False,10.912269052579575,0.9770551042183747,0.07231075593952346,0,0.0,0.07231075593952346,True,True,False,False
1093,5621000000,slow_lift,False,,False,False,10.489621425752425,0.9628523576447714,0.04659147663641461,0,0.0,0.04659147663641461,True,True,False,False
1094,5626000000,slow_lift,False,,False,False,10.048710128681428,0.9370675636666917,0.053417081871869866,0,0.0,0.053417081871869866,True,True,False,False
1095,5631000000,slow_lift,False,,False,False,9.750708164693137,0.8777599325732242,0.0763215796768327,0,0.0,0.0763215796768327,True,True,False,False
1096,5636000000,slow_lift,False,,False,False,9.460945087316341,0.8178279409389502,0.05899341410470463,0,0.0,0.05899341410470463,True,True,False,False
1097,5641000000,slow_lift,False,,False,False,9.19164345221057,0.7609885443201742,0.03759284329963572,0,0.0,0.054158313083851564,True,True,False,False
1098,5646000000,slow_lift,False,,False,False,8.955179080828987,0.7082731228327266,0.054232520907660425,0,0.0,0.054232520907660425,True,True,False,False
1099,5651000000,slow_lift,False,,False,False,8.760670526090816,0.6621463698030416,0.04186726408704039,0,0.0,0.04186726408704039,True,True,False,False
1100,5656000000,slow_lift,False,,False,False,8.612193946928025,0.6249027205653462,0.04791730359202372,0,0.0,0.04791730359202372,True,True,False,False
1101,5661000000,slow_lift,False,,False,False,8.509691273419698,0.598980118430518,0.05699559033995763,0,0.0,0.03184770546850999,True,True,False,False
1102,5666000000,slow_lift,False,,False,False,8.449081102850295,0.5873209062006772,0.0599110803230253,0,0.0,0.03621115189648479,True,True,False,False
1103,5671000000,slow_lift,False,,False,False,8.425864923863344,0.5906377893277559,0.05077174190848069,0,0.0,0.029855234736841516,True,True,False,False
1104,5676000000,slow_lift,False,,False,False,8.436268276462126,0.6073418549286349,0.03806054730762999,0,0.0,0.0426114653704777,True,True,False,False
1105,5681000000,slow_lift,False,,False,False,8.477006932780055,0.6335654163646053,0.06199307555009253,0,0.0,0.030107128558110496,True,True,False,False
1106,5686000000,slow_lift,False,,False,False,8.542897746447652,0.6649332592524075,0.05316757432085148,0,0.0,0.05316757432085148,True,True,False,False
1107,5691000000,slow_lift,False,,False,False,8.624952221996429,0.6982381824116469,0.07524607763147889,0,0.0,0.07524607763147889,True,True,False,False
1108,5696000000,slow_lift,False,,False,False,8.735541928104315,0.728331146830989,0.04874188295202411,0,0.0,0.04874188295202411,True,True,False,False
1109,5701000000,slow_lift,False,,False,False,8.917459312065013,0.7461442563985126,0.05266238344566212,0,0.0,0.05266238344566212,True,True,False,False
1110,5706000000,slow_lift,False,,False,False,9.073207160114832,0.7639320075911987,0.0626062438144209,0,0.0,0.0626062438144209,True,True,False,False
1111,5711000000,slow_lift,False,,False,False,9.196483910179607,0.7814276840542892,0.037149857004860676,0,0.0,0.037149857004860676,True,True,False,False
1112,5716000000,slow_lift,False,,False,False,9.282540421818938,0.7981257699115054,0.04933642552767205,0,0.0,0.04933642552767205,True,True,False,False
1113,5721000000,slow_lift,False,,False,False,9.327874701671282,0.8132688350018127,0.06721408293834265,0,0.0,0.058008627726155754,True,True,False,False
1114,5726000000,slow_lift,False,,False,False,9.330074082177592,0.8256752238525701,0.06354316817735793,0,0.0,0.06354316817735793,True,True,False,False
1115,5731000000,slow_lift,False,,False,False,9.288793736968385,0.8334599747422947,0.05606425298219139,0,0.0,0.05606425298219139,True,True,False,False
1116,5736000000,slow_lift,False,,False,False,9.205026865819352,0.8355613425064488,0.07228912283042221,0,0.0,0.04061919764761837,True,True,False,False
1117,5741000000,slow_lift,False,,False,False,9.078761149223883,0.8320370278402692,0.023061775567200647,0,0.0,0.023960027478661605,True,True,False,False
1118,5746000000,slow_lift,False,,False,False,8.913237091621614,0.8235592398987186,0.0446149366590112,0,0.0,0.0446149366590112,True,True,False,False
1119,5751000000,slow_lift,False,,False,False,8.715823338267818,0.811246075676375,0.030953938909500402,0,0.0,0.030953938909500402,True,True,False,False
1120,5756000000,slow_lift,False,,False,False,8.496539056228432,0.7968860756519105,0.04326322347485552,0,0.0,0.04326322347485552,True,True,False,False
1121,5761000000,slow_lift,False,,False,False,8.266415531779671,0.7820192957760657,0.04953590925933882,0,0.0,0.04953590925933882,True,True,False,False
1122,5766000000,slow_lift,False,,False,False,8.037283581541027,0.7673775582916067,0.05174728673520264,0,0.0,0.05174728673520264,True,True,False,False
1123,5771000000,slow_lift,False,,False,False,7.8208230459545005,0.753106036742646,0.05932446725648467,0,0.0,0.05932446725648467,True,True,False,False
1124,5776000000,slow_lift,False,,False,False,7.627266323771044,0.7391297919204496,0.038404708519620426,0,0.0,0.038404708519620426,True,True,False,False
1125,5781000000,slow_lift,False,,False,False,7.464370723144553,0.7254634829219949,0.035770145771246944,0,0.0,0.024819811266149867,True,True,False,False
1126,5786000000,slow_lift,False,,False,False,7.344781969208162,0.7110712945545259,0.05686346885532012,0,0.0,0.05686346885532012,True,True,False,False
1127,5791000000,slow_lift,False,,False,False,7.248240278432672,0.7001434769720167,0.03622721126161635,0,0.0,0.03622721126161635,True,True,False,False
1128,5796000000,slow_lift,False,,False,False,7.1920689507363935,0.6903927842510301,0.0456178064926382,0,0.0,0.04689338712604067,True,True,False,False
1129,5801000000,slow_lift,False,,False,False,7.17027973755954,0.6834253997181289,0.03461105126793325,0,0.0,0.03353352787817194,True,True,False,False
1130,5806000000,slow_lift,False,,False,False,7.175611527449365,0.6803228654607604,0.0520470231126533,0,0.0,0.0520470231126533,True,True,False,False
1131,5811000000,slow_lift,False,,False,False,7.201945267077537,0.6811009529028743,0.06091199628069684,0,0.0,0.0489839709345259,True,True,False,False
1132,5816000000,slow_lift,False,,False,False,7.242140294725324,0.6852653391969762,0.04130930933108096,0,0.0,0.05866827682537316,True,True,False,False
1133,5821000000,slow_lift,False,,False,False,7.28826087908573,0.692007223341684,0.0477092275817088,0,0.0,0.015720801559954412,True,True,False,False
1134,5826000000,slow_lift,False,,False,False,7.334266382546624,0.7003847948915535,0.03309058562585339,0,0.0,0.03309058562585339,True,True,False,False
1135,5831000000,slow_lift,False,,False,False,7.37733798986478,0.7095372093758411,0.03553561004816981,0,0.0,0.03553561004816981,True,True,False,False
1136,5836000000,slow_lift,False,,False,False,7.417094061672514,0.7187999139166213,0.05517233137617514,0,0.0,0.02428854325206354,True,True,False,False
1137,5841000000,slow_lift,False,,False,False,7.451359201236613,0.7276184697304322,0.03840895672009698,0,0.0,0.04215189316367502,True,True,False,False
1138,5846000000,slow_lift,False,,False,False,7.4774118367905125,0.7355498070502103,0.07273703169955859,0,0.0,0.0464217129276032,True,True,False,False
1139,5851000000,slow_lift,False,,False,False,7.492604521688728,0.7422931706645217,0.03933663004793775,0,0.0,0.03933663004793775,True,True,False,False
1140,5856000000,slow_lift,False,,False,False,7.428064169307272,0.7482078484486046,0.03580125846994923,0,0.0,0.035939139758676235,True,True,False,False
1141,5861000000,slow_lift,False,,False,False,7.3326643109111185,0.7508538728188943,0.04217668432232184,0,0.0,0.04217668432232184,True,True,False,False
1142,5866000000,slow_lift,False,,False,False,7.254182954010554,0.7494039102644734,0.02939624632512171,0,0.0,0.020033450414811,True,True,False,False
1143,5871000000,slow_lift,True,driver_fault_injected,False,False,7.164105000715521,0.747263424934522,0.051520767721349434,0,0.0,0.051520767721349434,True,True,False,False
1144,5876000000,slow_lift,False,,False,False,7.084254502900247,0.7440190846135158,0.04401959202167995,0,0.0,0.052257550241641595,True,True,False,False
1145,5881000000,hold,False,,False,False,7.069238197941415,0.7433436317890009,0.05435419155965514,0,0.0,0.05435419155965514,True,True,False,True
1146,5886000000,hold,False,,False,False,6.981788732903036,0.745421915693187,0.029948195283822258,0,0.0,0.029948195283822258,True,True,False,True
1147,5891000000,hold,False,,False,False,6.843041907070245,0.7555452965763302,0.03418407969192949,0,0.0,0.033644973348860144,True,True,False,True
1148,5896000000,hold,False,,False,False,6.633070693045147,0.7658887085230832,0.04637992102209269,0,0.0,0.036969917739214174,True,True,False,True
1149,5901000000,hold,False,,False,False,6.353694872515848,0.7689609807081446,0.04131433890635792,0,0.0,0.03374740217410336,True,True,False,True
1150,5906000000,hold,False,,False,False,6.023774291399082,0.7588463609800379,0.07102406378992403,0,0.0,0.07102406378992403,True,True,False,True
1151,5911000000,hold,False,,False,False,5.67331338988389,0.7319819495584561,0.05122933763655098,0,0.0,0.05122933763655098,True,True,False,True
1152,5916000000,hold,False,,False,False,5.340539079237173,0.6868703962967301,0.05943541267726806,0,0.0,0.05035677015972648,True,True,False,True
1153,5921000000,hold,False,,False,False,5.1646239096112385,0.609801582208478,0.053498049496938184,0,0.0,0.05142207658669479,True,True,False,True
1154,5926000000,hold,False,,False,False,5.063310838392082,0.5380460992945335,0.04555059712942089,0,0.0,0.04555059712942089,True,True,False,True
1155,5931000000,hold,False,,False,False,5.019502205255129,0.48421407211880063,0.03959451566553003,0,0.0,0.05092085304695195,True,True,False,True
1156,5936000000,hold,False,,False,False,5.031461530168345,0.45467600133602143,0.04874327354965583,0,0.0,0.04948495558145318,True,True,False,True
1157,5941000000,hold,False,,False,False,5.093696982186011,0.4526956109344433,0.07956088830034144,0,0.0,0.07956088830034144,True,True,False,True
1158,5946000000,release_open,True,tension_dropout_injected,False,False,0.0,0.0,0.05368471965075249,0,0.0,0.03169005630904714,True,False,True,False
1159,5951000000,release_open,False,,False,False,52.153846404985316,0.5539151143117038,0.14698424934657403,0,0.0,0.14698424934657403,True,False,False,False
1160,5956000000,release_open,False,,False,False,63.93579388376193,0.5284826743749851,0.20315167618590127,0,0.0,0.20315167618590127,False,False,False,False
1161,5961000000,release_open,False,,False,False,66.25787408217235,0.5254398367492691,0.18655038012642777,0,0.0,0.18655038012642777,False,False,False,False
1162,5978000000,release_open,False,,False,False,66.70288020944157,0.5234889306783362,0.23018674672473804,0,0.0,0.23018674672473804,False,False,False,False
1163,5983000000,release_open,False,,False,False,66.98501013389779,0.5227267987767802,0.20940013422881484,0,0.0,0.20940013422881484,False,False,False,False
1165,5993000000,release_open,False,,False,False,67.74780828049087,0.52274797829601,0.17528291755774608,0,0.0,0.17528291755774608,False,False,False,False
1166,5998000000,release_settle,False,,False,False,63.92626642735463,0.5231375611473693,0.1906262574391057,0,0.0,0.1906262574391057,False,False,False,False
1167,6003000000,release_settle,False,,False,False,14.709491462314567,0.5440799386007017,0.051369098189445045,0,0.0,0.051369098189445045,False,False,False,False
1168,6008000000,release_settle,False,,False,False,4.681384733158348,0.557687455516828,0.031940094928325294,0,0.0,0.031940094928325294,False,False,False,False
1169,6013000000,release_settle,False,,False,False,2.451120744083461,0.5722241642915755,0.025564377069326422,0,0.0,0.026930104383779335,False,False,False,False
1170,6018000000,release_settle,False,,False,False,2.0033055414127623,0.6276933006764057,0.04097891850566734,0,0.0,0.03463487959475406,False,False,False,False
1171,6023000000,release_settle,False,,False,False,1.9079599293768992,0.6689281111671083,0.027829334238967888,0,0.0,0.043424226191719636,False,False,False,False
1172,6028000000,release_settle,False,,False,False,1.8787011138525782,0.6803202978160977,0.07692072314776177,0,0.0,0.03175861730494029,False,False,False,False
1173,6033000000,release_settle,False,,False,False,1.8666044429366373,0.6830454094944797,0.0578712635528236,0,0.0,0.025232556475349322,False,False,False,False
1174,6038000000,release_settle,False,,False,False,1.8664768521195245,0.6834596504853784,0.04047755203632495,0,0.0,0.03981639719322072,False,False,False,False
1175,6043000000,release_settle,False,,False,False,1.8659516714166795,0.6836836948530283,0.029810881704525144,0,0.0,0.03834296333414798,False,False,False,False
1176,6048000000,release_settle,False,,False,False,1.865481061601927,0.6837337040503718,0.0483959224096043,0,0.0,0.039203694171429423,False,False,False,False
1177,6053000000,release_settle,False,,False,False,1.865560127308247,0.6837220890668992,0.02601735042414583,0,0.0,0.043924007783504714,False,False,False,False
1178,6058000000,release_settle,False,,False,False,1.865529382454855,0.6837234591461784,0.05697891819576994,0,0.0,0.04087991893189353,False,False,False,False
1179,6063000000,release_settle,False,,False,False,1.865481413445624,0.6837208115202948,0.035563537502295,0,0.0,0.035563537502295,False,False,False,False
1180,6068000000,release_settle,False,,False,False,1.8654711655606915,0.6837152862414551,0.04582329771105883,0,0.0,0.03112912812478007,False,False,False,False
1181,6073000000,release_settle,False,,False,False,1.8654538924510624,0.6837115103535345,0.04315573143140049,0,0.0,0.02227757172744952,False,False,False,False
1182,6078000000,release_settle,False,,False,False,1.865434464338577,0.6837080858581762,0.03635687335917417,0,0.0,0.04168296682222527,False,False,False,False
1183,6083000000,final,False,,False,False,1.86542251589543,0.6837054560105711,0.03381534516851007,0,0.0,0.015992747640104478,False,False,False,False
1184,6088000000,approach,False,,False,False,0.0,0.0,0.0330886074873059,0,0.0,0.0330886074873059,False,False,False,False
1185,6093000000,approach,False,,False,False,0.8547166137532618,0.7217049526164344,0.0470133677115935,0,0.0,0.060024048562711894,False,False,False,False
1186,6098000000,approach,False,,False,False,1.0875073855988076,0.2579178179711586,0.025947619074589298,0,0.0,0.024909180947556342,False,False,False,False
1187,6103000000,approach,False,,False,False,2.682277766280942,0.6323432169960534,0.030247506613593784,0,0.0,0.06034017988151644,False,False,False,False
1188,6108000000,approach,False,,False,False,2.8892605053401867,0.6956133629801942,0.06947105332759952,0,0.0,0.04194726382921633,False,False,False,False
1189,6113000000,approach,False,,False,False,1.450941278425464,0.6515427801534807,0.016522496690474082,0,0.0,0.022293979956236692,False,False,False,False
1190,6118000000,approach,False,,False,False,1.1125238294943731,0.2693621600431468,0.038721550577432776,0,0.0,0.04910516583986765,False,False,False,False
1191,6123000000,approach,False,,False,False,1.3190937851934832,0.2735813902229401,0.055945051674122365,0,0.0,0.055945051674122365,False,False,False,False
1192,6128000000,approach,True,current_saturation_injected,False,False,1.6601075299997863,0.5383507711058108,4.32,1,0.0,4.32,False,False,False,False
1193,6133000000,preshape,False,,False,False,2.927155903527473,0.62979868669859,0.05275659447112242,0,0.0,0.026592268177014704,False,False,False,False
1194,6138000000,preshape,False,,False,False,1.617556529594419,0.5148514807645823,0.0343361957979297,0,0.0,0.07100767721110327,False,False,False,False
1195,6143000000,preshape,False,,False,False,1.3410453478003483,0.3102569970811143,0.04973140042032455,0,0.0,0.04973140042032455,False,False,False,False
1196,6148000000,preshape,False,,False,False,1.4803320490650698,0.38474977008767497,0.037528041219929045,0,0.0,0.05394220821785881,False,False,False,False
1197,6153000000,pinch_close,False,,False,False,1.5138198825362559,0.4100774900920963,0.053278811413748565,0,0.0,0.03281031148394824,False,False,False,False
1198,6158000000,pinch_close,False,,False,False,51.564353888137724,0.5288124569906043,0.13798839951768407,0,0.0,0.13798839951768407,False,False,False,False
1199,6163000000,pinch_close,False,,False,False,62.34172397923752,0.5295700959049316,0.17813149396185593,0,0.0,0.17813149396185593,False,False,False,False
